source,pageType,url,httpStatus,finalUrl,app404,robotsMeta,xRobotsTag,canonical,canonicalSelf,title,titleChars,metaDescription,descriptionChars,h1Count,h1,h2Count,h3Count,mainWordsApprox,mainImageCount,imagesWithoutAlt,imagesEmptyAlt,firstImageStatus,ogTitle,ogDescription,ogImage,ogImageStatus,twitterCard,schemaTypes,productHasOffers,productHasReview,productHasAggregateRating,internalLinkCount,inboundPageCount,notes
"sitemap","static","https://demo-web-client.shop","200","https://demo-web-client.shop/","false","","","https://demo-web-client.shop","true","TOÀN TÂM | Thiết bị y tế chính hãng","35","Thiết bị y tế cho gia đình, bệnh viện và phòng khám. Khám phá sản phẩm chăm sóc sức khỏe và nhận tư vấn lựa chọn từ Toàn Tâm Medical.","133","1","Thiết bị y tế cho gia đình và cơ sở y tế","8","27","931","31","0","4","200","TOÀN TÂM | Thiết bị y tế chính hãng","Thiết bị y tế cho gia đình, bệnh viện và phòng khám. Khám phá sản phẩm chăm sóc sức khỏe và nhận tư vấn lựa chọn từ Toàn Tâm Medical.","https://demo-web-client.shop/assets/logo-toan-tam.png","200","true","","false","false","false","40","68",""
"sitemap","static","https://demo-web-client.shop/products","200","https://demo-web-client.shop/products","false","","","https://demo-web-client.shop/products","true","Tất cả sản phẩm | TOÀN TÂM","26","Tìm kiếm, lọc và so sánh thiết bị chăm sóc sức khỏe cho gia đình, phòng khám và bệnh viện tại Toàn Tâm Medical.","111","1","Tất cả sản phẩm","1","12","402","12","0","0","200","Tất cả sản phẩm","Tìm kiếm, lọc và so sánh thiết bị chăm sóc sức khỏe cho gia đình, phòng khám và bệnh viện tại Toàn Tâm Medical.","https://demo-web-client.shop/assets/logo-toan-tam.png","200","true","","false","false","false","28","47",""
"sitemap","static","https://demo-web-client.shop/collections","200","https://demo-web-client.shop/collections","false","","","https://demo-web-client.shop/collections","true","Danh mục sản phẩm | TOÀN TÂM","28","Khám phá các nhóm thiết bị chăm sóc sức khỏe, hỗ trợ vận động và đồ dùng sinh hoạt tại Toàn Tâm Medical.","104","1","Chọn sản phẩm theo nhu cầu","8","0","330","0","0","0","","Danh mục sản phẩm","Khám phá các nhóm thiết bị chăm sóc sức khỏe, hỗ trợ vận động và đồ dùng sinh hoạt tại Toàn Tâm Medical.","https://demo-web-client.shop/assets/logo-toan-tam.png","200","true","","false","false","false","8","1",""
"sitemap","static","https://demo-web-client.shop/blogs","200","https://demo-web-client.shop/blogs","false","","","https://demo-web-client.shop/blogs","true","Tin tức - Kiến thức | TOÀN TÂM","30","Đọc hướng dẫn lựa chọn thiết bị hỗ trợ, chăm sóc tại nhà và phục hồi chức năng từ Toàn Tâm Medical.","99","1","Kiến thức & tư vấn","5","0","124","5","0","0","200","Tin tức - Kiến thức","Đọc hướng dẫn lựa chọn thiết bị hỗ trợ, chăm sóc tại nhà và phục hồi chức năng từ Toàn Tâm Medical.","https://demo-web-client.shop/assets/logo-toan-tam.png","200","true","","false","false","false","6","6",""
"sitemap","static","https://demo-web-client.shop/contact","200","https://demo-web-client.shop/contact","false","","","https://demo-web-client.shop/contact","true","Liên hệ | TOÀN TÂM","18","Liên hệ Toàn Tâm Medical để được tư vấn thiết bị y tế cho gia đình, phòng khám hoặc bệnh viện.","94","1","Liên hệ Toàn Tâm","0","0","62","0","0","0","","Liên hệ","Liên hệ Toàn Tâm Medical để được tư vấn thiết bị y tế cho gia đình, phòng khám hoặc bệnh viện.","https://demo-web-client.shop/assets/logo-toan-tam.png","200","true","","false","false","false","1","1",""
"sitemap","static","https://demo-web-client.shop/request-quote","200","https://demo-web-client.shop/request-quote","false","","","https://demo-web-client.shop/request-quote","true","Yêu cầu báo giá | TOÀN TÂM","26","Gửi nhu cầu thiết bị y tế và nhận tư vấn, báo giá phù hợp từ Toàn Tâm Medical.","78","1","Yêu cầu báo giá","0","0","62","0","0","0","","Yêu cầu báo giá","Gửi nhu cầu thiết bị y tế và nhận tư vấn, báo giá phù hợp từ Toàn Tâm Medical.","https://demo-web-client.shop/assets/logo-toan-tam.png","200","true","","false","false","false","1","58",""
"sitemap","product","https://demo-web-client.shop/products/nep-co-inh-ban-chan-ban-em-nep-chinh-ban-chan-giam-au-got-chan-1736539331283944506","200","https://demo-web-client.shop/products/nep-co-inh-ban-chan-ban-em-nep-chinh-ban-chan-giam-au-got-chan-1736539331283944506","false","","","https://demo-web-client.shop/products/nep-co-inh-ban-chan-ban-em-nep-chinh-ban-chan-giam-au-got-chan-1736539331283944506","true","Nẹp Cố Định Bàn Chân Ban Đêm – Nẹp Chỉnh Bàn Chân, Giảm Đau Gót Chân | TOÀN TÂM","79","Nẹp Cố Định Bàn Chân Ban Đêm – Nẹp Chỉnh Bàn Chân, Giảm Đau Gót Chân. Xem hình ảnh, giá tham khảo và thông tin sản phẩm tại Toàn Tâm Medical.","141","1","Nẹp Cố Định Bàn Chân Ban Đêm – Nẹp Chỉnh Bàn Chân, Giảm Đau Gót Chân","2","10","962","17","0","0","200","Nẹp Cố Định Bàn Chân Ban Đêm – Nẹp Chỉnh Bàn Chân, Giảm Đau Gót Chân","Nẹp Cố Định Bàn Chân Ban Đêm – Nẹp Chỉnh Bàn Chân, Giảm Đau Gót Chân. Xem hình ảnh, giá tham khảo và thông tin sản phẩm tại Toàn Tâm Medical.","https://cdn.shopify.com/s/files/1/0732/3703/7299/files/09e120cd44d94a659c420ca6d8e023b1_tplv-aphluv4xwc-crop-webp_1254_1254.webp?v=1790134677","200","true","Product | BreadcrumbList","true","false","false","23","48",""
"sitemap","product","https://demo-web-client.shop/products/quan-ta-vay-chong-tham-nuoc-tieu-cho-nguoi-lon-1734759449589482554","200","https://demo-web-client.shop/products/quan-ta-vay-chong-tham-nuoc-tieu-cho-nguoi-lon-1734759449589482554","false","","","https://demo-web-client.shop/products/quan-ta-vay-chong-tham-nuoc-tieu-cho-nguoi-lon-1734759449589482554","true","Quần tã váy chống thấm nước tiểu cho người lớn | TOÀN TÂM","57","Quần tã váy chống thấm nước tiểu cho người lớn. Xem hình ảnh, giá tham khảo và thông tin sản phẩm tại Toàn Tâm Medical.","119","1","Quần tã váy chống thấm nước tiểu cho người lớn","2","10","678","21","0","0","200","Quần tã váy chống thấm nước tiểu cho người lớn","Quần tã váy chống thấm nước tiểu cho người lớn. Xem hình ảnh, giá tham khảo và thông tin sản phẩm tại Toàn Tâm Medical.","https://cdn.shopify.com/s/files/1/0732/3703/7299/files/068dea9c4d774a8ba2923c81d4c0f554_tplv-aphluv4xwc-crop-webp_584_570.webp?v=1790134022","200","true","Product | BreadcrumbList","true","false","false","23","43",""
"sitemap","product","https://demo-web-client.shop/products/may-tap-chan-bang-ien-phuc-hoi-chuc-nang-tay-co-man-hinh-led-ieu-khien-1736534023864681530","200","https://demo-web-client.shop/products/may-tap-chan-bang-ien-phuc-hoi-chuc-nang-tay-co-man-hinh-led-ieu-khien-1736534023864681530","false","","","https://demo-web-client.shop/products/may-tap-chan-bang-ien-phuc-hoi-chuc-nang-tay-co-man-hinh-led-ieu-khien-1736534023864681530","true","Máy tập chân bằng điện phục hồi chức năng tay có màn hình Led điều khiển | TOÀN TÂM","83","Máy tập chân bằng điện phục hồi chức năng tay có màn hình Led điều khiển. Xem hình ảnh, giá tham khảo và thông tin sản phẩm tại Toàn Tâm Medical.","145","1","Máy tập chân bằng điện phục hồi chức năng tay có màn hình Led điều khiển","2","10","722","20","0","0","200","Máy tập chân bằng điện phục hồi chức năng tay có màn hình Led điều khiển","Máy tập chân bằng điện phục hồi chức năng tay có màn hình Led điều khiển. Xem hình ảnh, giá tham khảo và thông tin sản phẩm tại Toàn Tâm Medical.","https://cdn.shopify.com/s/files/1/0732/3703/7299/files/4180f4034e2d44d1b302355b91205f37_tplv-aphluv4xwc-crop-webp_1369_1149.webp?v=1790134019","200","true","Product | BreadcrumbList","true","false","false","23","44",""
"sitemap","product","https://demo-web-client.shop/products/gang-tay-co-inh-kiem-soat-an-toan-bao-ve-chong-tray-xuoc-cho-benh-nhan-1736535649923662906","200","https://demo-web-client.shop/products/gang-tay-co-inh-kiem-soat-an-toan-bao-ve-chong-tray-xuoc-cho-benh-nhan-1736535649923662906","false","","","https://demo-web-client.shop/products/gang-tay-co-inh-kiem-soat-an-toan-bao-ve-chong-tray-xuoc-cho-benh-nhan-1736535649923662906","true","Găng tay cố định kiểm soát an toàn bảo vệ chống trầy xước cho bệnh nhân | TOÀN TÂM","82","Găng tay cố định kiểm soát an toàn bảo vệ chống trầy xước cho bệnh nhân. Xem hình ảnh, giá tham khảo và thông tin sản phẩm tại Toàn Tâm Medical.","144","1","Găng tay cố định kiểm soát an toàn bảo vệ chống trầy xước cho bệnh nhân","2","10","548","19","0","0","200","Găng tay cố định kiểm soát an toàn bảo vệ chống trầy xước cho bệnh nhân","Găng tay cố định kiểm soát an toàn bảo vệ chống trầy xước cho bệnh nhân. Xem hình ảnh, giá tham khảo và thông tin sản phẩm tại Toàn Tâm Medical.","https://cdn.shopify.com/s/files/1/0732/3703/7299/files/8d62a54c8fc54103b127729de038bbd5_tplv-aphluv4xwc-crop-webp_1370_1148.webp?v=1790134017","200","true","Product | BreadcrumbList","true","false","false","23","46",""
"sitemap","product","https://demo-web-client.shop/products/tam-tham-van-chuyen-benh-nhan-lat-dich-chuyen-ga-trai-giuong-ga-di-chuyen-cua-ng-1736539096933631034","200","https://demo-web-client.shop/products/tam-tham-van-chuyen-benh-nhan-lat-dich-chuyen-ga-trai-giuong-ga-di-chuyen-cua-ng-1736539096933631034","false","","","https://demo-web-client.shop/products/tam-tham-van-chuyen-benh-nhan-lat-dich-chuyen-ga-trai-giuong-ga-di-chuyen-cua-ng-1736539096933631034","true","Tấm Thảm Vận Chuyển Bệnh Nhân, Lật, Dịch Chuyển, Ga Trải Giường, Ga Di Chuyển Của Người Khuyết Tật kích thước 100x120cm | TOÀN TÂM","130","Tấm Thảm Vận Chuyển Bệnh Nhân, Lật, Dịch Chuyển, Ga Trải Giường, Ga Di Chuyển Của Người Khuyết Tật kích thước 100x120cm. Xem hình ảnh, giá tham khảo và thông tin sản phẩm tại Toàn Tâm Medical.","192","1","Tấm Thảm Vận Chuyển Bệnh Nhân, Lật, Dịch Chuyển, Ga Trải Giường, Ga Di Chuyển Của Người Khuyết Tật kích thước 100x120cm","2","10","512","17","0","0","200","Tấm Thảm Vận Chuyển Bệnh Nhân, Lật, Dịch Chuyển, Ga Trải Giường, Ga Di Chuyển Của Người Khuyết Tật kích thước 100x120cm","Tấm Thảm Vận Chuyển Bệnh Nhân, Lật, Dịch Chuyển, Ga Trải Giường, Ga Di Chuyển Của Người Khuyết Tật kích thước 100x120cm. Xem hình ảnh, giá tham khảo và thông tin sản phẩm tại Toàn Tâm Medical.","https://cdn.shopify.com/s/files/1/0732/3703/7299/files/e666a0b62bb74af7b7574652e0dfee17_tplv-aphluv4xwc-crop-webp_1254_1254.webp?v=1790134015","200","true","Product | BreadcrumbList","true","false","false","23","43",""
"sitemap","product","https://demo-web-client.shop/products/ai-lung-nit-bung-jingba-bao-ve-cot-song-chong-au-lung-thoai-hoa-cot-song-thoat-v-1736535347558712378","200","https://demo-web-client.shop/products/ai-lung-nit-bung-jingba-bao-ve-cot-song-chong-au-lung-thoai-hoa-cot-song-thoat-v-1736535347558712378","false","","","https://demo-web-client.shop/products/ai-lung-nit-bung-jingba-bao-ve-cot-song-chong-au-lung-thoai-hoa-cot-song-thoat-v-1736535347558712378","true","Đai lưng nịt bụng JINGBA bảo vệ cột sống chống đau lưng, thoái hóa cột sống, thoát vị địa đệm | TOÀN TÂM","104","Đai lưng nịt bụng JINGBA bảo vệ cột sống chống đau lưng, thoái hóa cột sống, thoát vị địa đệm. Xem hình ảnh, giá tham khảo và thông tin sản phẩm tại Toàn Tâm Medical.","166","1","Đai lưng nịt bụng JINGBA bảo vệ cột sống chống đau lưng, thoái hóa cột sống, thoát vị địa đệm","2","10","767","20","0","0","200","Đai lưng nịt bụng JINGBA bảo vệ cột sống chống đau lưng, thoái hóa cột sống, thoát vị địa đệm","Đai lưng nịt bụng JINGBA bảo vệ cột sống chống đau lưng, thoái hóa cột sống, thoát vị địa đệm. Xem hình ảnh, giá tham khảo và thông tin sản phẩm tại Toàn Tâm Medical.","https://cdn.shopify.com/s/files/1/0732/3703/7299/files/cda0c9de0cc04b22b14eb97722e3101e_tplv-aphluv4xwc-crop-webp_1370_1148.webp?v=1790133749","200","true","Product | BreadcrumbList","true","false","false","23","45",""
"sitemap","product","https://demo-web-client.shop/products/em-hoi-chong-loet-co-may-dung-cho-nguoi-gia-nguoi-nam-liet-giuong-1736541491475481658","200","https://demo-web-client.shop/products/em-hoi-chong-loet-co-may-dung-cho-nguoi-gia-nguoi-nam-liet-giuong-1736541491475481658","false","","","https://demo-web-client.shop/products/em-hoi-chong-loet-co-may-dung-cho-nguoi-gia-nguoi-nam-liet-giuong-1736541491475481658","true","Đệm Hơi Chống Loét Có Máy – Dùng Cho Người Già, Người Nằm Liệt Giường | TOÀN TÂM","80","Đệm Hơi Chống Loét Có Máy – Dùng Cho Người Già, Người Nằm Liệt Giường. Xem hình ảnh, giá tham khảo và thông tin sản phẩm tại Toàn Tâm Medical.","142","1","Đệm Hơi Chống Loét Có Máy – Dùng Cho Người Già, Người Nằm Liệt Giường","2","10","539","17","0","0","200","Đệm Hơi Chống Loét Có Máy – Dùng Cho Người Già, Người Nằm Liệt Giường","Đệm Hơi Chống Loét Có Máy – Dùng Cho Người Già, Người Nằm Liệt Giường. Xem hình ảnh, giá tham khảo và thông tin sản phẩm tại Toàn Tâm Medical.","https://cdn.shopify.com/s/files/1/0732/3703/7299/files/a8831403ddcf4381b051ba9a4d356f38_tplv-aphluv4xwc-crop-webp_1254_1254.webp?v=1790133748","200","true","Product | BreadcrumbList","true","false","false","23","44",""
"sitemap","product","https://demo-web-client.shop/products/goi-lat-a-nang-ho-tro-lat-cham-soc-nguoi-benh-1736540039075890234","200","https://demo-web-client.shop/products/goi-lat-a-nang-ho-tro-lat-cham-soc-nguoi-benh-1736540039075890234","false","","","https://demo-web-client.shop/products/goi-lat-a-nang-ho-tro-lat-cham-soc-nguoi-benh-1736540039075890234","true","Gối Lật Đa Năng - Hỗ Trợ Lật ,Chăm Sóc Người Bệnh | TOÀN TÂM","60","Gối Lật Đa Năng - Hỗ Trợ Lật ,Chăm Sóc Người Bệnh. Xem hình ảnh, giá tham khảo và thông tin sản phẩm tại Toàn Tâm Medical.","122","1","Gối Lật Đa Năng - Hỗ Trợ Lật ,Chăm Sóc Người Bệnh","2","10","450","19","0","0","200","Gối Lật Đa Năng - Hỗ Trợ Lật ,Chăm Sóc Người Bệnh","Gối Lật Đa Năng - Hỗ Trợ Lật ,Chăm Sóc Người Bệnh. Xem hình ảnh, giá tham khảo và thông tin sản phẩm tại Toàn Tâm Medical.","https://cdn.shopify.com/s/files/1/0732/3703/7299/files/534785840189416797800a4e93e39356_tplv-aphluv4xwc-crop-webp_1254_1254.webp?v=1790133747","200","true","Product | BreadcrumbList","true","false","false","23","44",""
"sitemap","product","https://demo-web-client.shop/products/may-tap-tay-robot-ien-gang-tay-robot-ho-tro-tap-luyen-van-ong-ban-tay-ngon-tay-1737163066542818362","200","https://demo-web-client.shop/products/may-tap-tay-robot-ien-gang-tay-robot-ho-tro-tap-luyen-van-ong-ban-tay-ngon-tay-1737163066542818362","false","","","https://demo-web-client.shop/products/may-tap-tay-robot-ien-gang-tay-robot-ho-tro-tap-luyen-van-ong-ban-tay-ngon-tay-1737163066542818362","true","Máy Tập Tay Robot Điện – Găng Tay Robot Hỗ Trợ Tập Luyện Vận Động Bàn Tay, Ngón Tay | TOÀN TÂM","94","Máy Tập Tay Robot Điện – Găng Tay Robot Hỗ Trợ Tập Luyện Vận Động Bàn Tay, Ngón Tay. Xem hình ảnh, giá tham khảo và thông tin sản phẩm tại Toàn Tâm Medical.","156","1","Máy Tập Tay Robot Điện – Găng Tay Robot Hỗ Trợ Tập Luyện Vận Động Bàn Tay, Ngón Tay","2","10","589","17","0","0","200","Máy Tập Tay Robot Điện – Găng Tay Robot Hỗ Trợ Tập Luyện Vận Động Bàn Tay, Ngón Tay","Máy Tập Tay Robot Điện – Găng Tay Robot Hỗ Trợ Tập Luyện Vận Động Bàn Tay, Ngón Tay. Xem hình ảnh, giá tham khảo và thông tin sản phẩm tại Toàn Tâm Medical.","https://cdn.shopify.com/s/files/1/0732/3703/7299/files/dda299be18d64c58b4500970adda9b2e_tplv-aphluv4xwc-crop-webp_1254_1254.webp?v=1790133745","200","true","Product | BreadcrumbList","true","false","false","23","46",""
"sitemap","product","https://demo-web-client.shop/products/xe-ap-mini-tap-the-duc-tai-nha-tap-phuc-hoi-chuc-nang-1734761211171865658","200","https://demo-web-client.shop/products/xe-ap-mini-tap-the-duc-tai-nha-tap-phuc-hoi-chuc-nang-1734761211171865658","false","","","https://demo-web-client.shop/products/xe-ap-mini-tap-the-duc-tai-nha-tap-phuc-hoi-chuc-nang-1734761211171865658","true","Xe đạp mini tập thể dục tại nhà - tập phục hồi chức năng | TOÀN TÂM","67","Xe đạp mini tập thể dục tại nhà - tập phục hồi chức năng. Xem hình ảnh, giá tham khảo và thông tin sản phẩm tại Toàn Tâm Medical.","129","1","Xe đạp mini tập thể dục tại nhà - tập phục hồi chức năng","2","10","710","18","0","0","200","Xe đạp mini tập thể dục tại nhà - tập phục hồi chức năng","Xe đạp mini tập thể dục tại nhà - tập phục hồi chức năng. Xem hình ảnh, giá tham khảo và thông tin sản phẩm tại Toàn Tâm Medical.","https://cdn.shopify.com/s/files/1/0732/3703/7299/files/bbe36f87fb10419ab38b9d8ed3c4cbc7_tplv-aphluv4xwc-crop-webp_570_570.webp?v=1790133742","200","true","Product | BreadcrumbList","true","false","false","23","46",""
"sitemap","product","https://demo-web-client.shop/products/bao-boc-vet-thuong-chong-nuoc-su-dung-khi-tam-an-toan-tien-loi-tai-su-dung-1736542555527873594","200","https://demo-web-client.shop/products/bao-boc-vet-thuong-chong-nuoc-su-dung-khi-tam-an-toan-tien-loi-tai-su-dung-1736542555527873594","false","","","https://demo-web-client.shop/products/bao-boc-vet-thuong-chong-nuoc-su-dung-khi-tam-an-toan-tien-loi-tai-su-dung-1736542555527873594","true","Bao Bọc Vết Thương Chống Nước – Sử Dụng Khi Tắm, An Toàn – Tiện Lợi – Tái Sử Dụng | TOÀN TÂM","92","Bao Bọc Vết Thương Chống Nước – Sử Dụng Khi Tắm, An Toàn – Tiện Lợi – Tái Sử Dụng. Xem hình ảnh, giá tham khảo và thông tin sản phẩm tại Toàn Tâm Medical.","154","1","Bao Bọc Vết Thương Chống Nước – Sử Dụng Khi Tắm, An Toàn – Tiện Lợi – Tái Sử Dụng","2","10","464","22","0","0","200","Bao Bọc Vết Thương Chống Nước – Sử Dụng Khi Tắm, An Toàn – Tiện Lợi – Tái Sử Dụng","Bao Bọc Vết Thương Chống Nước – Sử Dụng Khi Tắm, An Toàn – Tiện Lợi – Tái Sử Dụng. Xem hình ảnh, giá tham khảo và thông tin sản phẩm tại Toàn Tâm Medical.","https://cdn.shopify.com/s/files/1/0732/3703/7299/files/41d9c442dd98454ca906619106a18c64_tplv-aphluv4xwc-crop-webp_1254_1254.webp?v=1790133741","200","true","Product | BreadcrumbList","true","false","false","23","14",""
"sitemap","product","https://demo-web-client.shop/products/con-lan-tap-chan-yoga-massage-gian-co-bap-dung-cu-keo-dan-tu-do-a-chieu-1736556587844273210","200","https://demo-web-client.shop/products/con-lan-tap-chan-yoga-massage-gian-co-bap-dung-cu-keo-dan-tu-do-a-chieu-1736556587844273210","false","","","https://demo-web-client.shop/products/con-lan-tap-chan-yoga-massage-gian-co-bap-dung-cu-keo-dan-tu-do-a-chieu-1736556587844273210","true","Con Lăn Tập Chân, Yoga, Massage Giãn Cơ Bắp - Dụng Cụ Kéo Dãn Tự Do Đa Chiều | TOÀN TÂM","87","Con Lăn Tập Chân, Yoga, Massage Giãn Cơ Bắp - Dụng Cụ Kéo Dãn Tự Do Đa Chiều. Xem hình ảnh, giá tham khảo và thông tin sản phẩm tại Toàn Tâm Medical.","149","1","Con Lăn Tập Chân, Yoga, Massage Giãn Cơ Bắp - Dụng Cụ Kéo Dãn Tự Do Đa Chiều","2","10","686","18","0","0","200","Con Lăn Tập Chân, Yoga, Massage Giãn Cơ Bắp - Dụng Cụ Kéo Dãn Tự Do Đa Chiều","Con Lăn Tập Chân, Yoga, Massage Giãn Cơ Bắp - Dụng Cụ Kéo Dãn Tự Do Đa Chiều. Xem hình ảnh, giá tham khảo và thông tin sản phẩm tại Toàn Tâm Medical.","https://cdn.shopify.com/s/files/1/0732/3703/7299/files/4bca7ff9c6784cbfaf2b8103e82353c9_tplv-aphluv4xwc-crop-webp_1254_1254.webp?v=1790133739","200","true","Product | BreadcrumbList","true","false","false","23","7",""
"sitemap","product","https://demo-web-client.shop/products/ghe-bet-tua-lung-thu-gian-co-7-cap-o-ieu-chinh-theo-so-thich-1736555711179818042","200","https://demo-web-client.shop/products/ghe-bet-tua-lung-thu-gian-co-7-cap-o-ieu-chinh-theo-so-thich-1736555711179818042","false","","","https://demo-web-client.shop/products/ghe-bet-tua-lung-thu-gian-co-7-cap-o-ieu-chinh-theo-so-thich-1736555711179818042","true","Ghế bệt tựa lưng thư giãn  Có 7 Cấp Độ Điều Chỉnh Theo Sở Thích | TOÀN TÂM","74","Ghế bệt tựa lưng thư giãn Có 7 Cấp Độ Điều Chỉnh Theo Sở Thích. Xem hình ảnh, giá tham khảo và thông tin sản phẩm tại Toàn Tâm Medical.","135","1","Ghế bệt tựa lưng thư giãn Có 7 Cấp Độ Điều Chỉnh Theo Sở Thích","2","10","593","24","0","0","200","Ghế bệt tựa lưng thư giãn  Có 7 Cấp Độ Điều Chỉnh Theo Sở Thích","Ghế bệt tựa lưng thư giãn Có 7 Cấp Độ Điều Chỉnh Theo Sở Thích. Xem hình ảnh, giá tham khảo và thông tin sản phẩm tại Toàn Tâm Medical.","https://cdn.shopify.com/s/files/1/0732/3703/7299/files/440f1445530a432ca65960d2219ad159_tplv-aphluv4xwc-crop-webp_1080_1080_d1d3ddb3-f7b1-4217-97ac-fb165a58dab0.webp?v=1790133737","200","true","Product | BreadcrumbList","true","false","false","23","2",""
"sitemap","product","https://demo-web-client.shop/products/goi-ngoi-chong-loet-danh-cho-nguoi-benh-nam-lau-ngoi-lau-thoang-khi-em-ai-va-gia-1736536644540138554","200","https://demo-web-client.shop/products/goi-ngoi-chong-loet-danh-cho-nguoi-benh-nam-lau-ngoi-lau-thoang-khi-em-ai-va-gia-1736536644540138554","false","","","https://demo-web-client.shop/products/goi-ngoi-chong-loet-danh-cho-nguoi-benh-nam-lau-ngoi-lau-thoang-khi-em-ai-va-gia-1736536644540138554","true","Gối ngồi chống loét dành cho người bệnh nằm lâu , ngồi lâu  - Thoáng khí , êm ái và giảm áp lực | TOÀN TÂM","106","Gối ngồi chống loét dành cho người bệnh nằm lâu , ngồi lâu - Thoáng khí , êm ái và giảm áp lực. Xem hình ảnh, giá tham khảo và thông tin sản phẩm tại Toàn Tâm Medical.","167","1","Gối ngồi chống loét dành cho người bệnh nằm lâu , ngồi lâu - Thoáng khí , êm ái và giảm áp lực","2","10","571","16","0","0","200","Gối ngồi chống loét dành cho người bệnh nằm lâu , ngồi lâu  - Thoáng khí , êm ái và giảm áp lực","Gối ngồi chống loét dành cho người bệnh nằm lâu , ngồi lâu - Thoáng khí , êm ái và giảm áp lực. Xem hình ảnh, giá tham khảo và thông tin sản phẩm tại Toàn Tâm Medical.","https://cdn.shopify.com/s/files/1/0732/3703/7299/files/926cf6e903754cabbacc86c1bb42c656_tplv-aphluv4xwc-crop-webp_1369_1149.webp?v=1790133737","200","true","Product | BreadcrumbList","true","false","false","23","2",""
"sitemap","product","https://demo-web-client.shop/products/tay-vin-nha-ve-sinh-a-chuc-nang-giup-nguoi-gia-va-phu-nu-mang-thai-chong-roi-va-1736534789401773114","200","https://demo-web-client.shop/products/tay-vin-nha-ve-sinh-a-chuc-nang-giup-nguoi-gia-va-phu-nu-mang-thai-chong-roi-va-1736534789401773114","false","","","https://demo-web-client.shop/products/tay-vin-nha-ve-sinh-a-chuc-nang-giup-nguoi-gia-va-phu-nu-mang-thai-chong-roi-va-1736534789401773114","true","Tay vịn nhà vệ sinh đa chức năng giúp người già và phụ nữ mang thai chống rơi và chống trượt phụ trợ giúp đứng lên | TOÀN TÂM","125","Tay vịn nhà vệ sinh đa chức năng giúp người già và phụ nữ mang thai chống rơi và chống trượt phụ trợ giúp đứng lên. Xem hình ảnh, giá tham khảo và thông tin sản phẩm tại Toàn Tâm Medical.","187","1","Tay vịn nhà vệ sinh đa chức năng giúp người già và phụ nữ mang thai chống rơi và chống trượt phụ trợ giúp đứng lên","2","10","559","18","0","0","200","Tay vịn nhà vệ sinh đa chức năng giúp người già và phụ nữ mang thai chống rơi và chống trượt phụ trợ giúp đứng lên","Tay vịn nhà vệ sinh đa chức năng giúp người già và phụ nữ mang thai chống rơi và chống trượt phụ trợ giúp đứng lên. Xem hình ảnh, giá tham khảo và thông tin sản phẩm tại Toàn Tâm Medical.","https://cdn.shopify.com/s/files/1/0732/3703/7299/files/a1d3805698a940febee9f915bf80edbd_tplv-aphluv4xwc-crop-webp_1370_1148.webp?v=1790133735","200","true","Product | BreadcrumbList","true","false","false","23","3",""
"sitemap","product","https://demo-web-client.shop/products/bon-cau-di-ong-thong-minh-bo-ve-sinh-cho-nguoi-gia-nguoi-kho-van-ong-tay-vin-cha-1736535339854234682","200","https://demo-web-client.shop/products/bon-cau-di-ong-thong-minh-bo-ve-sinh-cho-nguoi-gia-nguoi-kho-van-ong-tay-vin-cha-1736535339854234682","false","","","https://demo-web-client.shop/products/bon-cau-di-ong-thong-minh-bo-ve-sinh-cho-nguoi-gia-nguoi-kho-van-ong-tay-vin-cha-1736535339854234682","true","Bồn cầu di động thông minh - Bô vệ sinh cho người già, người khó vận động, tay vịn chắc chắn, tải trọng 100kg | TOÀN TÂM","120","Bồn cầu di động thông minh - Bô vệ sinh cho người già, người khó vận động, tay vịn chắc chắn, tải trọng 100kg. Xem hình ảnh, giá tham khảo và thông tin sản phẩm tại Toàn Tâm Medical.","182","1","Bồn cầu di động thông minh - Bô vệ sinh cho người già, người khó vận động, tay vịn chắc chắn, tải trọng 100kg","2","10","670","18","0","0","200","Bồn cầu di động thông minh - Bô vệ sinh cho người già, người khó vận động, tay vịn chắc chắn, tải trọng 100kg","Bồn cầu di động thông minh - Bô vệ sinh cho người già, người khó vận động, tay vịn chắc chắn, tải trọng 100kg. Xem hình ảnh, giá tham khảo và thông tin sản phẩm tại Toàn Tâm Medical.","https://cdn.shopify.com/s/files/1/0732/3703/7299/files/b6aeed7634174f2a8deb5209bcd41963_tplv-aphluv4xwc-crop-webp_1370_1148.webp?v=1790133734","200","true","Product | BreadcrumbList","true","false","false","23","3",""
"sitemap","product","https://demo-web-client.shop/products/ghe-tua-lung-ngoi-bet-gap-gon-co-7-muc-ieu-chinh-phu-hop-voi-nhu-cau-su-dung-1736583423422268474","200","https://demo-web-client.shop/products/ghe-tua-lung-ngoi-bet-gap-gon-co-7-muc-ieu-chinh-phu-hop-voi-nhu-cau-su-dung-1736583423422268474","false","","","https://demo-web-client.shop/products/ghe-tua-lung-ngoi-bet-gap-gon-co-7-muc-ieu-chinh-phu-hop-voi-nhu-cau-su-dung-1736583423422268474","true","Ghế Tựa Lưng Ngồi Bệt Gấp Gọn Có  7 Mức Điều Chỉnh Phù Hợp Với Nhu Cầu Sử Dụng | TOÀN TÂM","89","Ghế Tựa Lưng Ngồi Bệt Gấp Gọn Có 7 Mức Điều Chỉnh Phù Hợp Với Nhu Cầu Sử Dụng. Xem hình ảnh, giá tham khảo và thông tin sản phẩm tại Toàn Tâm Medical.","150","1","Ghế Tựa Lưng Ngồi Bệt Gấp Gọn Có 7 Mức Điều Chỉnh Phù Hợp Với Nhu Cầu Sử Dụng","2","10","575","19","0","0","200","Ghế Tựa Lưng Ngồi Bệt Gấp Gọn Có  7 Mức Điều Chỉnh Phù Hợp Với Nhu Cầu Sử Dụng","Ghế Tựa Lưng Ngồi Bệt Gấp Gọn Có 7 Mức Điều Chỉnh Phù Hợp Với Nhu Cầu Sử Dụng. Xem hình ảnh, giá tham khảo và thông tin sản phẩm tại Toàn Tâm Medical.","https://cdn.shopify.com/s/files/1/0732/3703/7299/files/6f18b8c77d71461589a959cfe22fe296_tplv-aphluv4xwc-crop-webp_1254_1254.webp?v=1790133733","200","true","Product | BreadcrumbList","true","false","false","23","2",""
"sitemap","product","https://demo-web-client.shop/products/ghe-bet-ngoi-tua-lung-thu-gian-ieu-chinh-7-cap-o-1736583418776159290","200","https://demo-web-client.shop/products/ghe-bet-ngoi-tua-lung-thu-gian-ieu-chinh-7-cap-o-1736583418776159290","false","","","https://demo-web-client.shop/products/ghe-bet-ngoi-tua-lung-thu-gian-ieu-chinh-7-cap-o-1736583418776159290","true","Ghế Bệt Ngồi Tựa lưng Thư Giãn – Điều Chỉnh 7 Cấp Độ | TOÀN TÂM","63","Ghế Bệt Ngồi Tựa lưng Thư Giãn – Điều Chỉnh 7 Cấp Độ. Xem hình ảnh, giá tham khảo và thông tin sản phẩm tại Toàn Tâm Medical.","125","1","Ghế Bệt Ngồi Tựa lưng Thư Giãn – Điều Chỉnh 7 Cấp Độ","2","10","570","19","0","0","200","Ghế Bệt Ngồi Tựa lưng Thư Giãn – Điều Chỉnh 7 Cấp Độ","Ghế Bệt Ngồi Tựa lưng Thư Giãn – Điều Chỉnh 7 Cấp Độ. Xem hình ảnh, giá tham khảo và thông tin sản phẩm tại Toàn Tâm Medical.","https://cdn.shopify.com/s/files/1/0732/3703/7299/files/1ced177e404b425eb0262e7880821088_tplv-aphluv4xwc-crop-webp_1254_1254.webp?v=1790133731","200","true","Product | BreadcrumbList","true","false","false","23","2",""
"sitemap","product","https://demo-web-client.shop/products/em-nang-nguoi-tai-bien-tu-ong-ho-tro-ngoi-day-de-dang-1736556172653069370","200","https://demo-web-client.shop/products/em-nang-nguoi-tai-bien-tu-ong-ho-tro-ngoi-day-de-dang-1736556172653069370","false","","","https://demo-web-client.shop/products/em-nang-nguoi-tai-bien-tu-ong-ho-tro-ngoi-day-de-dang-1736556172653069370","true","Đệm Nâng Người Tai Biến Tự Động – Hỗ Trợ Ngồi Dậy Dễ Dàng | TOÀN TÂM","68","Đệm Nâng Người Tai Biến Tự Động – Hỗ Trợ Ngồi Dậy Dễ Dàng. Xem hình ảnh, giá tham khảo và thông tin sản phẩm tại Toàn Tâm Medical.","130","1","Đệm Nâng Người Tai Biến Tự Động – Hỗ Trợ Ngồi Dậy Dễ Dàng","2","10","654","18","0","0","200","Đệm Nâng Người Tai Biến Tự Động – Hỗ Trợ Ngồi Dậy Dễ Dàng","Đệm Nâng Người Tai Biến Tự Động – Hỗ Trợ Ngồi Dậy Dễ Dàng. Xem hình ảnh, giá tham khảo và thông tin sản phẩm tại Toàn Tâm Medical.","https://cdn.shopify.com/s/files/1/0732/3703/7299/files/7ac6806a9d1943ad9c83809ff3df8e30_tplv-aphluv4xwc-crop-webp_1254_1254.webp?v=1790133729","200","true","Product | BreadcrumbList","true","false","false","23","2",""
"sitemap","product","https://demo-web-client.shop/products/bo-i-tieu-2-trong-1-cho-nguoi-gia-tre-nho-nguoi-nam-liet-giuong-dung-tich-2000ml-1736541001946530874","200","https://demo-web-client.shop/products/bo-i-tieu-2-trong-1-cho-nguoi-gia-tre-nho-nguoi-nam-liet-giuong-dung-tich-2000ml-1736541001946530874","false","","","https://demo-web-client.shop/products/bo-i-tieu-2-trong-1-cho-nguoi-gia-tre-nho-nguoi-nam-liet-giuong-dung-tich-2000ml-1736541001946530874","true","Bô đi tiểu 2 trong 1 cho người già, trẻ nhỏ, người nằm liệt giường dung tích 2000ml | TOÀN TÂM","94","Bô đi tiểu 2 trong 1 cho người già, trẻ nhỏ, người nằm liệt giường dung tích 2000ml. Xem hình ảnh, giá tham khảo và thông tin sản phẩm tại Toàn Tâm Medical.","156","1","Bô đi tiểu 2 trong 1 cho người già, trẻ nhỏ, người nằm liệt giường dung tích 2000ml","2","10","542","17","0","0","200","Bô đi tiểu 2 trong 1 cho người già, trẻ nhỏ, người nằm liệt giường dung tích 2000ml","Bô đi tiểu 2 trong 1 cho người già, trẻ nhỏ, người nằm liệt giường dung tích 2000ml. Xem hình ảnh, giá tham khảo và thông tin sản phẩm tại Toàn Tâm Medical.","https://cdn.shopify.com/s/files/1/0732/3703/7299/files/442d3a0411ca426ca76ff3fd8d52c022_tplv-aphluv4xwc-crop-webp_1254_1254.webp?v=1790133728","200","true","Product | BreadcrumbList","true","false","false","23","2",""
"sitemap","product","https://demo-web-client.shop/products/em-ho-tro-nang-nguoi-cao-tuoi-nguoi-tai-bien-ieu-khien-tu-xa-1736583157639382074","200","https://demo-web-client.shop/products/em-ho-tro-nang-nguoi-cao-tuoi-nguoi-tai-bien-ieu-khien-tu-xa-1736583157639382074","false","","","https://demo-web-client.shop/products/em-ho-tro-nang-nguoi-cao-tuoi-nguoi-tai-bien-ieu-khien-tu-xa-1736583157639382074","true","Đệm Hỗ Trợ Nâng Người Cao Tuổi, Người Tai Biến, Điều Khiển Từ Xa | TOÀN TÂM","75","Đệm Hỗ Trợ Nâng Người Cao Tuổi, Người Tai Biến, Điều Khiển Từ Xa. Xem hình ảnh, giá tham khảo và thông tin sản phẩm tại Toàn Tâm Medical.","137","1","Đệm Hỗ Trợ Nâng Người Cao Tuổi, Người Tai Biến, Điều Khiển Từ Xa","2","10","654","20","0","0","200","Đệm Hỗ Trợ Nâng Người Cao Tuổi, Người Tai Biến, Điều Khiển Từ Xa","Đệm Hỗ Trợ Nâng Người Cao Tuổi, Người Tai Biến, Điều Khiển Từ Xa. Xem hình ảnh, giá tham khảo và thông tin sản phẩm tại Toàn Tâm Medical.","https://cdn.shopify.com/s/files/1/0732/3703/7299/files/b898f4d7f87943c393744444aaaa7295_tplv-aphluv4xwc-crop-webp_1254_1254.webp?v=1790133726","200","true","Product | BreadcrumbList","true","false","false","23","2",""
"sitemap","product","https://demo-web-client.shop/products/em-hoi-xe-lan-chong-loet-em-hoi-o-xe-lan-thoang-khi-em-ai-ho-tro-giam-ap-luc-khi-1737163283039028282","200","https://demo-web-client.shop/products/em-hoi-xe-lan-chong-loet-em-hoi-o-xe-lan-thoang-khi-em-ai-ho-tro-giam-ap-luc-khi-1737163283039028282","false","","","https://demo-web-client.shop/products/em-hoi-xe-lan-chong-loet-em-hoi-o-xe-lan-thoang-khi-em-ai-ho-tro-giam-ap-luc-khi-1737163283039028282","true","Đệm Hơi Xe Lăn Chống Loét – Đệm Hơi Ô Xe Lăn Thoáng Khí, Êm Ái, Hỗ Trợ Giảm Áp Lực Khi Ngồi | TOÀN TÂM","102","Đệm Hơi Xe Lăn Chống Loét – Đệm Hơi Ô Xe Lăn Thoáng Khí, Êm Ái, Hỗ Trợ Giảm Áp Lực Khi Ngồi. Xem hình ảnh, giá tham khảo và thông tin sản phẩm tại Toàn Tâm Medical.","164","1","Đệm Hơi Xe Lăn Chống Loét – Đệm Hơi Ô Xe Lăn Thoáng Khí, Êm Ái, Hỗ Trợ Giảm Áp Lực Khi Ngồi","2","10","566","17","0","0","200","Đệm Hơi Xe Lăn Chống Loét – Đệm Hơi Ô Xe Lăn Thoáng Khí, Êm Ái, Hỗ Trợ Giảm Áp Lực Khi Ngồi","Đệm Hơi Xe Lăn Chống Loét – Đệm Hơi Ô Xe Lăn Thoáng Khí, Êm Ái, Hỗ Trợ Giảm Áp Lực Khi Ngồi. Xem hình ảnh, giá tham khảo và thông tin sản phẩm tại Toàn Tâm Medical.","https://cdn.shopify.com/s/files/1/0732/3703/7299/files/1c2504cea35b47378dfc2598c826cf14_tplv-aphluv4xwc-crop-webp_1254_1254.webp?v=1790133725","200","true","Product | BreadcrumbList","true","false","false","23","2",""
"sitemap","product","https://demo-web-client.shop/products/ua-ho-tro-chuc-nang-ban-tay-cho-nguoi-cao-tuoi-nguoi-sau-tai-bien-thiet-bi-an-uo-1736556449624392762","200","https://demo-web-client.shop/products/ua-ho-tro-chuc-nang-ban-tay-cho-nguoi-cao-tuoi-nguoi-sau-tai-bien-thiet-bi-an-uo-1736556449624392762","false","","","https://demo-web-client.shop/products/ua-ho-tro-chuc-nang-ban-tay-cho-nguoi-cao-tuoi-nguoi-sau-tai-bien-thiet-bi-an-uo-1736556449624392762","true","Đũa hỗ trợ chức năng bàn tay cho người cao tuổi, người sau tai biến, thiết bị ăn uống cho bệnh nhân khuyết tật, run tay | TOÀN TÂM","130","Đũa hỗ trợ chức năng bàn tay cho người cao tuổi, người sau tai biến, thiết bị ăn uống cho bệnh nhân khuyết tật, run tay. Xem hình ảnh, giá tham khảo và thông tin sản phẩm tại Toàn Tâm Medical.","192","1","Đũa hỗ trợ chức năng bàn tay cho người cao tuổi, người sau tai biến, thiết bị ăn uống cho bệnh nhân khuyết tật, run tay","2","10","773","18","0","0","200","Đũa hỗ trợ chức năng bàn tay cho người cao tuổi, người sau tai biến, thiết bị ăn uống cho bệnh nhân khuyết tật, run tay","Đũa hỗ trợ chức năng bàn tay cho người cao tuổi, người sau tai biến, thiết bị ăn uống cho bệnh nhân khuyết tật, run tay. Xem hình ảnh, giá tham khảo và thông tin sản phẩm tại Toàn Tâm Medical.","https://cdn.shopify.com/s/files/1/0732/3703/7299/files/9270c7a328ac47bdb0b2a1198bba6283_tplv-aphluv4xwc-crop-webp_1254_1254.webp?v=1790132852","200","true","Product | BreadcrumbList","true","false","false","23","2",""
"sitemap","product","https://demo-web-client.shop/products/goi-ke-em-tam-giac-ho-tro-nguoi-gia-nguoi-benh-nam-nghieng-de-dang-cham-soc-ieu-1736536413617030202","200","https://demo-web-client.shop/products/goi-ke-em-tam-giac-ho-tro-nguoi-gia-nguoi-benh-nam-nghieng-de-dang-cham-soc-ieu-1736536413617030202","false","","","https://demo-web-client.shop/products/goi-ke-em-tam-giac-ho-tro-nguoi-gia-nguoi-benh-nam-nghieng-de-dang-cham-soc-ieu-1736536413617030202","true","Gối Kê Đệm Tam Giác – Hỗ Trợ Người Già, Người Bệnh Nằm Nghiêng Dễ Dàng Chăm Sóc & Điều Trị | TOÀN TÂM","101","Gối Kê Đệm Tam Giác – Hỗ Trợ Người Già, Người Bệnh Nằm Nghiêng Dễ Dàng Chăm Sóc & Điều Trị. Xem hình ảnh, giá tham khảo và thông tin sản phẩm tại Toàn Tâm Medical.","163","1","Gối Kê Đệm Tam Giác – Hỗ Trợ Người Già, Người Bệnh Nằm Nghiêng Dễ Dàng Chăm Sóc & Điều Trị","2","10","487","20","0","0","200","Gối Kê Đệm Tam Giác – Hỗ Trợ Người Già, Người Bệnh Nằm Nghiêng Dễ Dàng Chăm Sóc & Điều Trị","Gối Kê Đệm Tam Giác – Hỗ Trợ Người Già, Người Bệnh Nằm Nghiêng Dễ Dàng Chăm Sóc & Điều Trị. Xem hình ảnh, giá tham khảo và thông tin sản phẩm tại Toàn Tâm Medical.","https://cdn.shopify.com/s/files/1/0732/3703/7299/files/0388242e9c76424dba2d9e8f3e220563_tplv-aphluv4xwc-crop-webp_1369_1149.webp?v=1790132851","200","true","Product | BreadcrumbList","true","false","false","23","2",""
"sitemap","product","https://demo-web-client.shop/products/bo-ai-tien-cho-nguoi-nam-liet-giuong-bo-ve-sinh-tai-giuong-co-nap-ay-em-em-tien-1737163439065695290","200","https://demo-web-client.shop/products/bo-ai-tien-cho-nguoi-nam-liet-giuong-bo-ve-sinh-tai-giuong-co-nap-ay-em-em-tien-1737163439065695290","false","","","https://demo-web-client.shop/products/bo-ai-tien-cho-nguoi-nam-liet-giuong-bo-ve-sinh-tai-giuong-co-nap-ay-em-em-tien-1737163439065695290","true","Bô Đại Tiện Cho Người Nằm Liệt Giường – Bô Vệ Sinh Tại Giường Có Nắp Đậy, Đệm Êm Tiện Lợi | TOÀN TÂM","100","Bô Đại Tiện Cho Người Nằm Liệt Giường – Bô Vệ Sinh Tại Giường Có Nắp Đậy, Đệm Êm Tiện Lợi. Xem hình ảnh, giá tham khảo và thông tin sản phẩm tại Toàn Tâm Medical.","162","1","Bô Đại Tiện Cho Người Nằm Liệt Giường – Bô Vệ Sinh Tại Giường Có Nắp Đậy, Đệm Êm Tiện Lợi","2","10","428","17","0","0","200","Bô Đại Tiện Cho Người Nằm Liệt Giường – Bô Vệ Sinh Tại Giường Có Nắp Đậy, Đệm Êm Tiện Lợi","Bô Đại Tiện Cho Người Nằm Liệt Giường – Bô Vệ Sinh Tại Giường Có Nắp Đậy, Đệm Êm Tiện Lợi. Xem hình ảnh, giá tham khảo và thông tin sản phẩm tại Toàn Tâm Medical.","https://cdn.shopify.com/s/files/1/0732/3703/7299/files/c4c6d848edcd4ac09210e77ccd2bb453_tplv-aphluv4xwc-crop-webp_1254_1254.webp?v=1790132849","200","true","Product | BreadcrumbList","true","false","false","23","2",""
"sitemap","product","https://demo-web-client.shop/products/chau-goi-au-tai-giuong-gap-gon-danh-cho-nguoi-gia-nguoi-benh-phu-nu-sau-sinh-1736556558117274682","200","https://demo-web-client.shop/products/chau-goi-au-tai-giuong-gap-gon-danh-cho-nguoi-gia-nguoi-benh-phu-nu-sau-sinh-1736556558117274682","false","","","https://demo-web-client.shop/products/chau-goi-au-tai-giuong-gap-gon-danh-cho-nguoi-gia-nguoi-benh-phu-nu-sau-sinh-1736556558117274682","true","Chậu Gội Đầu Tại Giường Gấp Gọn – Dành Cho Người Già, Người Bệnh, Phụ Nữ Sau Sinh | TOÀN TÂM","92","Chậu Gội Đầu Tại Giường Gấp Gọn – Dành Cho Người Già, Người Bệnh, Phụ Nữ Sau Sinh. Xem hình ảnh, giá tham khảo và thông tin sản phẩm tại Toàn Tâm Medical.","154","1","Chậu Gội Đầu Tại Giường Gấp Gọn – Dành Cho Người Già, Người Bệnh, Phụ Nữ Sau Sinh","2","10","650","20","0","0","200","Chậu Gội Đầu Tại Giường Gấp Gọn – Dành Cho Người Già, Người Bệnh, Phụ Nữ Sau Sinh","Chậu Gội Đầu Tại Giường Gấp Gọn – Dành Cho Người Già, Người Bệnh, Phụ Nữ Sau Sinh. Xem hình ảnh, giá tham khảo và thông tin sản phẩm tại Toàn Tâm Medical.","https://cdn.shopify.com/s/files/1/0732/3703/7299/files/7f1dfbf9e0754b7cac1a4ae20f248466_tplv-aphluv4xwc-crop-webp_1254_1254.webp?v=1790132848","200","true","Product | BreadcrumbList","true","false","false","23","2",""
"sitemap","product","https://demo-web-client.shop/products/tui-ung-nuoc-tieu-nam-gioi-dung-cu-i-tieu-thiet-bi-pheu-tui-ung-nuoc-cho-benh-nh-1736542442617537594","200","https://demo-web-client.shop/products/tui-ung-nuoc-tieu-nam-gioi-dung-cu-i-tieu-thiet-bi-pheu-tui-ung-nuoc-cho-benh-nh-1736542442617537594","false","","","https://demo-web-client.shop/products/tui-ung-nuoc-tieu-nam-gioi-dung-cu-i-tieu-thiet-bi-pheu-tui-ung-nuoc-cho-benh-nh-1736542442617537594","true","Túi đựng nước tiểu Nam giới, Dụng cụ đi tiểu, Thiết bị Phễu Túi đựng nước cho bệnh nhân già liệt giường 1000ml | TOÀN TÂM","121","Túi đựng nước tiểu Nam giới, Dụng cụ đi tiểu, Thiết bị Phễu Túi đựng nước cho bệnh nhân già liệt giường 1000ml. Xem hình ảnh, giá tham khảo và thông tin sản phẩm tại Toàn Tâm Medical.","183","1","Túi đựng nước tiểu Nam giới, Dụng cụ đi tiểu, Thiết bị Phễu Túi đựng nước cho bệnh nhân già liệt giường 1000ml","2","10","990","20","0","0","200","Túi đựng nước tiểu Nam giới, Dụng cụ đi tiểu, Thiết bị Phễu Túi đựng nước cho bệnh nhân già liệt giường 1000ml","Túi đựng nước tiểu Nam giới, Dụng cụ đi tiểu, Thiết bị Phễu Túi đựng nước cho bệnh nhân già liệt giường 1000ml. Xem hình ảnh, giá tham khảo và thông tin sản phẩm tại Toàn Tâm Medical.","https://cdn.shopify.com/s/files/1/0732/3703/7299/files/5f5ff76b9bb244e3b6b7f6b1141444bf_tplv-aphluv4xwc-crop-webp_1254_1254.webp?v=1790132846","200","true","Product | BreadcrumbList","true","false","false","23","3",""
"sitemap","product","https://demo-web-client.shop/products/dung-cu-phuc-hoi-chuc-nang-canh-tay-rong-roc-tap-vai-tay-tai-nha-1736984414032593978","200","https://demo-web-client.shop/products/dung-cu-phuc-hoi-chuc-nang-canh-tay-rong-roc-tap-vai-tay-tai-nha-1736984414032593978","false","","","https://demo-web-client.shop/products/dung-cu-phuc-hoi-chuc-nang-canh-tay-rong-roc-tap-vai-tay-tai-nha-1736984414032593978","true","Dụng Cụ Phục Hồi Chức Năng Cánh Tay – Ròng Rọc Tập Vai, Tay Tại Nhà | TOÀN TÂM","78","Dụng Cụ Phục Hồi Chức Năng Cánh Tay – Ròng Rọc Tập Vai, Tay Tại Nhà. Xem hình ảnh, giá tham khảo và thông tin sản phẩm tại Toàn Tâm Medical.","140","1","Dụng Cụ Phục Hồi Chức Năng Cánh Tay – Ròng Rọc Tập Vai, Tay Tại Nhà","2","10","720","21","0","0","200","Dụng Cụ Phục Hồi Chức Năng Cánh Tay – Ròng Rọc Tập Vai, Tay Tại Nhà","Dụng Cụ Phục Hồi Chức Năng Cánh Tay – Ròng Rọc Tập Vai, Tay Tại Nhà. Xem hình ảnh, giá tham khảo và thông tin sản phẩm tại Toàn Tâm Medical.","https://cdn.shopify.com/s/files/1/0732/3703/7299/files/989919675185487d93310dd7108e289d_tplv-aphluv4xwc-crop-webp_1254_1254.webp?v=1790132844","200","true","Product | BreadcrumbList","true","false","false","23","5",""
"sitemap","product","https://demo-web-client.shop/products/chau-goi-au-tien-loi-goi-tai-nha-chau-goi-au-di-ong-co-tua-co-tien-dung-cho-nguo-1737162798032585786","200","https://demo-web-client.shop/products/chau-goi-au-tien-loi-goi-tai-nha-chau-goi-au-di-ong-co-tua-co-tien-dung-cho-nguo-1737162798032585786","false","","","https://demo-web-client.shop/products/chau-goi-au-tien-loi-goi-tai-nha-chau-goi-au-di-ong-co-tua-co-tien-dung-cho-nguo-1737162798032585786","true","Chậu Gội Đầu Tiện Lợi Gội Tại Nhà – Chậu Gội Đầu Di Động Có Tựa Cổ, Tiện Dụng Cho Người Lớn Tuổi | TOÀN TÂM","107","Chậu Gội Đầu Tiện Lợi Gội Tại Nhà – Chậu Gội Đầu Di Động Có Tựa Cổ, Tiện Dụng Cho Người Lớn Tuổi. Xem hình ảnh, giá tham khảo và thông tin sản phẩm tại Toàn Tâm Medical.","169","1","Chậu Gội Đầu Tiện Lợi Gội Tại Nhà – Chậu Gội Đầu Di Động Có Tựa Cổ, Tiện Dụng Cho Người Lớn Tuổi","2","10","517","18","0","0","200","Chậu Gội Đầu Tiện Lợi Gội Tại Nhà – Chậu Gội Đầu Di Động Có Tựa Cổ, Tiện Dụng Cho Người Lớn Tuổi","Chậu Gội Đầu Tiện Lợi Gội Tại Nhà – Chậu Gội Đầu Di Động Có Tựa Cổ, Tiện Dụng Cho Người Lớn Tuổi. Xem hình ảnh, giá tham khảo và thông tin sản phẩm tại Toàn Tâm Medical.","https://cdn.shopify.com/s/files/1/0732/3703/7299/files/9b8e90e4cfb349b78f112b32cdb58dd6_tplv-aphluv4xwc-crop-webp_1254_1254.webp?v=1790132842","200","true","Product | BreadcrumbList","true","false","false","23","2",""
"sitemap","product","https://demo-web-client.shop/products/chau-xong-rua-vung-kin-gap-gon-cho-ba-bau-me-moi-sinh-1736541791805998138","200","https://demo-web-client.shop/products/chau-xong-rua-vung-kin-gap-gon-cho-ba-bau-me-moi-sinh-1736541791805998138","false","","","https://demo-web-client.shop/products/chau-xong-rua-vung-kin-gap-gon-cho-ba-bau-me-moi-sinh-1736541791805998138","true","CHẬU XÔNG RỬA VÙNG KÍN GẤP GỌN CHO BÀ BẦU, MẸ MỚI SINH | TOÀN TÂM","65","CHẬU XÔNG RỬA VÙNG KÍN GẤP GỌN CHO BÀ BẦU, MẸ MỚI SINH. Xem hình ảnh, giá tham khảo và thông tin sản phẩm tại Toàn Tâm Medical.","127","1","CHẬU XÔNG RỬA VÙNG KÍN GẤP GỌN CHO BÀ BẦU, MẸ MỚI SINH","2","10","708","20","0","0","200","CHẬU XÔNG RỬA VÙNG KÍN GẤP GỌN CHO BÀ BẦU, MẸ MỚI SINH","CHẬU XÔNG RỬA VÙNG KÍN GẤP GỌN CHO BÀ BẦU, MẸ MỚI SINH. Xem hình ảnh, giá tham khảo và thông tin sản phẩm tại Toàn Tâm Medical.","https://cdn.shopify.com/s/files/1/0732/3703/7299/files/3deb6b41bacd4da89bc7704ec25a3185_tplv-aphluv4xwc-crop-webp_1254_1254.webp?v=1790132841","200","true","Product | BreadcrumbList","true","false","false","23","2",""
"sitemap","product","https://demo-web-client.shop/products/dung-cu-ho-tro-i-tieu-cho-nguoi-gia-nguoi-nam-tai-cho-1734806979941073978","200","https://demo-web-client.shop/products/dung-cu-ho-tro-i-tieu-cho-nguoi-gia-nguoi-nam-tai-cho-1734806979941073978","false","","","https://demo-web-client.shop/products/dung-cu-ho-tro-i-tieu-cho-nguoi-gia-nguoi-nam-tai-cho-1734806979941073978","true","Dụng cụ hỗ trợ đi tiểu cho người già, người nằm tại chỗ | TOÀN TÂM","66","Dụng cụ hỗ trợ đi tiểu cho người già, người nằm tại chỗ. Xem hình ảnh, giá tham khảo và thông tin sản phẩm tại Toàn Tâm Medical.","128","1","Dụng cụ hỗ trợ đi tiểu cho người già, người nằm tại chỗ","2","10","731","22","0","0","200","Dụng cụ hỗ trợ đi tiểu cho người già, người nằm tại chỗ","Dụng cụ hỗ trợ đi tiểu cho người già, người nằm tại chỗ. Xem hình ảnh, giá tham khảo và thông tin sản phẩm tại Toàn Tâm Medical.","https://cdn.shopify.com/s/files/1/0732/3703/7299/files/4e869ac03b8842b69d118b104d9dcfb8_tplv-aphluv4xwc-crop-webp_584_570.webp?v=1790132839","200","true","Product | BreadcrumbList","true","false","false","23","3",""
"sitemap","product","https://demo-web-client.shop/products/dung-cu-ho-tro-ban-chan-ru-ban-chan-ru-trong-ru-ngoai-1734806020164191290","200","https://demo-web-client.shop/products/dung-cu-ho-tro-ban-chan-ru-ban-chan-ru-trong-ru-ngoai-1734806020164191290","false","","","https://demo-web-client.shop/products/dung-cu-ho-tro-ban-chan-ru-ban-chan-ru-trong-ru-ngoai-1734806020164191290","true","Dụng cụ hỗ trợ bàn chân rủ -  Bàn chân rũ trong, rũ ngoài | TOÀN TÂM","68","Dụng cụ hỗ trợ bàn chân rủ - Bàn chân rũ trong, rũ ngoài. Xem hình ảnh, giá tham khảo và thông tin sản phẩm tại Toàn Tâm Medical.","129","1","Dụng cụ hỗ trợ bàn chân rủ - Bàn chân rũ trong, rũ ngoài","2","10","632","22","0","0","200","Dụng cụ hỗ trợ bàn chân rủ -  Bàn chân rũ trong, rũ ngoài","Dụng cụ hỗ trợ bàn chân rủ - Bàn chân rũ trong, rũ ngoài. Xem hình ảnh, giá tham khảo và thông tin sản phẩm tại Toàn Tâm Medical.","https://cdn.shopify.com/s/files/1/0732/3703/7299/files/54e9ed5386c442a9ad4a079e5c7dea67_tplv-aphluv4xwc-crop-webp_1000_1000.webp?v=1790132837","200","true","Product | BreadcrumbList","true","false","false","23","5",""
"sitemap","product","https://demo-web-client.shop/products/rong-roc-tap-tay-tap-vai-tap-phuc-hoi-chuc-nang-sau-tai-bien-nguoi-au-co-vai-gay-1734807338862609466","200","https://demo-web-client.shop/products/rong-roc-tap-tay-tap-vai-tap-phuc-hoi-chuc-nang-sau-tai-bien-nguoi-au-co-vai-gay-1734807338862609466","false","","","https://demo-web-client.shop/products/rong-roc-tap-tay-tap-vai-tap-phuc-hoi-chuc-nang-sau-tai-bien-nguoi-au-co-vai-gay-1734807338862609466","true","Ròng rọc tập tay, tập vai tập phục hồi chức năng sau tai biến. Người đau cổ vai gáy | TOÀN TÂM","94","Ròng rọc tập tay, tập vai tập phục hồi chức năng sau tai biến. Người đau cổ vai gáy. Xem hình ảnh, giá tham khảo và thông tin sản phẩm tại Toàn Tâm Medical.","156","1","Ròng rọc tập tay, tập vai tập phục hồi chức năng sau tai biến. Người đau cổ vai gáy","2","10","736","20","0","0","200","Ròng rọc tập tay, tập vai tập phục hồi chức năng sau tai biến. Người đau cổ vai gáy","Ròng rọc tập tay, tập vai tập phục hồi chức năng sau tai biến. Người đau cổ vai gáy. Xem hình ảnh, giá tham khảo và thông tin sản phẩm tại Toàn Tâm Medical.","https://cdn.shopify.com/s/files/1/0732/3703/7299/files/f54bbc11187942479b5c7aa20e9b94a4_tplv-aphluv4xwc-crop-webp_584_570.webp?v=1790134019","200","true","Product | BreadcrumbList","true","false","false","23","4",""
"sitemap","product","https://demo-web-client.shop/products/khung-tro-luc-khop-goi-giam-ap-luc-giup-van-ong-de-dang-hon-1734790558794351674","200","https://demo-web-client.shop/products/khung-tro-luc-khop-goi-giam-ap-luc-giup-van-ong-de-dang-hon-1734790558794351674","false","","","https://demo-web-client.shop/products/khung-tro-luc-khop-goi-giam-ap-luc-giup-van-ong-de-dang-hon-1734790558794351674","true","Khung Trợ Lực Khớp Gối Giảm Áp Lực Giúp Vận Động Dễ Dàng Hơn | TOÀN TÂM","71","Khung Trợ Lực Khớp Gối Giảm Áp Lực Giúp Vận Động Dễ Dàng Hơn. Xem hình ảnh, giá tham khảo và thông tin sản phẩm tại Toàn Tâm Medical.","133","1","Khung Trợ Lực Khớp Gối Giảm Áp Lực Giúp Vận Động Dễ Dàng Hơn","2","10","799","18","0","0","200","Khung Trợ Lực Khớp Gối Giảm Áp Lực Giúp Vận Động Dễ Dàng Hơn","Khung Trợ Lực Khớp Gối Giảm Áp Lực Giúp Vận Động Dễ Dàng Hơn. Xem hình ảnh, giá tham khảo và thông tin sản phẩm tại Toàn Tâm Medical.","https://cdn.shopify.com/s/files/1/0732/3703/7299/files/31c2a3881fae417b8a83d103810c9d92_tplv-aphluv4xwc-crop-webp_584_570.webp?v=1790132834","200","true","Product | BreadcrumbList","true","false","false","23","5",""
"sitemap","product","https://demo-web-client.shop/products/day-khang-luc-tap-gym-tap-xa-on-bung-tay-chan-mong-day-cao-su-an-hoi-phu-kien-a-1736590450465997882","200","https://demo-web-client.shop/products/day-khang-luc-tap-gym-tap-xa-on-bung-tay-chan-mong-day-cao-su-an-hoi-phu-kien-a-1736590450465997882","false","","","https://demo-web-client.shop/products/day-khang-luc-tap-gym-tap-xa-on-bung-tay-chan-mong-day-cao-su-an-hoi-phu-kien-a-1736590450465997882","true","Dây kháng lực tập gym  tập xà đơn bụng tay chân mông dây cao su  đàn hồi phụ kiện đa năng DKLDAI | TOÀN TÂM","107","Dây kháng lực tập gym tập xà đơn bụng tay chân mông dây cao su đàn hồi phụ kiện đa năng DKLDAI. Xem hình ảnh, giá tham khảo và thông tin sản phẩm tại Toàn Tâm Medical.","167","1","Dây kháng lực tập gym tập xà đơn bụng tay chân mông dây cao su đàn hồi phụ kiện đa năng DKLDAI","2","10","619","20","0","0","200","Dây kháng lực tập gym  tập xà đơn bụng tay chân mông dây cao su  đàn hồi phụ kiện đa năng DKLDAI","Dây kháng lực tập gym tập xà đơn bụng tay chân mông dây cao su đàn hồi phụ kiện đa năng DKLDAI. Xem hình ảnh, giá tham khảo và thông tin sản phẩm tại Toàn Tâm Medical.","https://cdn.shopify.com/s/files/1/0732/3703/7299/files/72e91337c85b4e1181b0f16956959b8f_tplv-aphluv4xwc-crop-webp_1254_1254.webp?v=1790132832","200","true","Product | BreadcrumbList","true","false","false","23","5",""
"sitemap","product","https://demo-web-client.shop/products/day-tap-khang-luc-phuc-hoi-chu-nang-tang-suc-manh-dklrep-1736589967238726714","200","https://demo-web-client.shop/products/day-tap-khang-luc-phuc-hoi-chu-nang-tang-suc-manh-dklrep-1736589967238726714","false","","","https://demo-web-client.shop/products/day-tap-khang-luc-phuc-hoi-chu-nang-tang-suc-manh-dklrep-1736589967238726714","true","Dây tập kháng lực, phục hồi chứ năng, tăng sức mạnh DKLREP | TOÀN TÂM","69","Dây tập kháng lực, phục hồi chứ năng, tăng sức mạnh DKLREP. Xem hình ảnh, giá tham khảo và thông tin sản phẩm tại Toàn Tâm Medical.","131","1","Dây tập kháng lực, phục hồi chứ năng, tăng sức mạnh DKLREP","2","10","687","25","0","0","200","Dây tập kháng lực, phục hồi chứ năng, tăng sức mạnh DKLREP","Dây tập kháng lực, phục hồi chứ năng, tăng sức mạnh DKLREP. Xem hình ảnh, giá tham khảo và thông tin sản phẩm tại Toàn Tâm Medical.","https://cdn.shopify.com/s/files/1/0732/3703/7299/files/ac418df7d4734beb9085e594ccab272e_tplv-aphluv4xwc-crop-webp_1254_1254.webp?v=1790132830","200","true","Product | BreadcrumbList","true","false","false","23","4",""
"sitemap","product","https://demo-web-client.shop/products/day-ai-keo-gian-co-chan-va-phuc-hoi-chuc-nang-cho-nguoi-tai-bien-1736538930830017594","200","https://demo-web-client.shop/products/day-ai-keo-gian-co-chan-va-phuc-hoi-chuc-nang-cho-nguoi-tai-bien-1736538930830017594","false","","","https://demo-web-client.shop/products/day-ai-keo-gian-co-chan-va-phuc-hoi-chuc-nang-cho-nguoi-tai-bien-1736538930830017594","true","Dây Đai Kéo Giãn Cơ Chân Và Phục Hồi Chức Năng Cho Người Tai Biến | TOÀN TÂM","76","Dây Đai Kéo Giãn Cơ Chân Và Phục Hồi Chức Năng Cho Người Tai Biến. Xem hình ảnh, giá tham khảo và thông tin sản phẩm tại Toàn Tâm Medical.","138","1","Dây Đai Kéo Giãn Cơ Chân Và Phục Hồi Chức Năng Cho Người Tai Biến","2","10","656","17","0","0","200","Dây Đai Kéo Giãn Cơ Chân Và Phục Hồi Chức Năng Cho Người Tai Biến","Dây Đai Kéo Giãn Cơ Chân Và Phục Hồi Chức Năng Cho Người Tai Biến. Xem hình ảnh, giá tham khảo và thông tin sản phẩm tại Toàn Tâm Medical.","https://cdn.shopify.com/s/files/1/0732/3703/7299/files/91dc335695c54aedb72372680042ff75_tplv-aphluv4xwc-crop-webp_1370_1148.webp?v=1790132828","200","true","Product | BreadcrumbList","true","false","false","23","4",""
"sitemap","product","https://demo-web-client.shop/products/tui-ung-nuoc-tieu-dung-cu-i-tieu-thiet-bi-pheu-tui-ung-nuoc-cho-benh-nhan-gia-li-1736541938703434810","200","https://demo-web-client.shop/products/tui-ung-nuoc-tieu-dung-cu-i-tieu-thiet-bi-pheu-tui-ung-nuoc-cho-benh-nhan-gia-li-1736541938703434810","false","","","https://demo-web-client.shop/products/tui-ung-nuoc-tieu-dung-cu-i-tieu-thiet-bi-pheu-tui-ung-nuoc-cho-benh-nhan-gia-li-1736541938703434810","true","Túi đựng nước tiểu , Dụng cụ đi tiểu Thiết bị Phễu Túi đựng nước cho bệnh nhân già liệt giường 1000ml , 2000ml | TOÀN TÂM","121","Túi đựng nước tiểu , Dụng cụ đi tiểu Thiết bị Phễu Túi đựng nước cho bệnh nhân già liệt giường 1000ml , 2000ml. Xem hình ảnh, giá tham khảo và thông tin sản phẩm tại Toàn Tâm Medical.","183","1","Túi đựng nước tiểu , Dụng cụ đi tiểu Thiết bị Phễu Túi đựng nước cho bệnh nhân già liệt giường 1000ml , 2000ml","2","10","1003","17","0","0","200","Túi đựng nước tiểu , Dụng cụ đi tiểu Thiết bị Phễu Túi đựng nước cho bệnh nhân già liệt giường 1000ml , 2000ml","Túi đựng nước tiểu , Dụng cụ đi tiểu Thiết bị Phễu Túi đựng nước cho bệnh nhân già liệt giường 1000ml , 2000ml. Xem hình ảnh, giá tham khảo và thông tin sản phẩm tại Toàn Tâm Medical.","https://cdn.shopify.com/s/files/1/0732/3703/7299/files/b33960d5658b4718a293825008a18dc1_tplv-aphluv4xwc-crop-webp_1254_1254.webp?v=1790131566","200","true","Product | BreadcrumbList","true","false","false","23","3",""
"sitemap","product","https://demo-web-client.shop/products/bong-gai-tap-tay-tap-phuc-hoi-chuc-nang-ban-tay-1735155256187126842","200","https://demo-web-client.shop/products/bong-gai-tap-tay-tap-phuc-hoi-chuc-nang-ban-tay-1735155256187126842","false","","","https://demo-web-client.shop/products/bong-gai-tap-tay-tap-phuc-hoi-chuc-nang-ban-tay-1735155256187126842","true","Bóng gai tập tay tập phục hồi chức năng bàn tay | TOÀN TÂM","58","Bóng gai tập tay tập phục hồi chức năng bàn tay. Xem hình ảnh, giá tham khảo và thông tin sản phẩm tại Toàn Tâm Medical.","120","1","Bóng gai tập tay tập phục hồi chức năng bàn tay","2","10","603","23","0","0","200","Bóng gai tập tay tập phục hồi chức năng bàn tay","Bóng gai tập tay tập phục hồi chức năng bàn tay. Xem hình ảnh, giá tham khảo và thông tin sản phẩm tại Toàn Tâm Medical.","https://cdn.shopify.com/s/files/1/0732/3703/7299/files/d1561ec5420a49f2ac8f700b5557bf0f_tplv-aphluv4xwc-crop-webp_584_570.webp?v=1790131273","200","true","Product | BreadcrumbList","true","false","false","23","4",""
"sitemap","product","https://demo-web-client.shop/products/bo-bo-i-tieu-va-ai-tien-a-nang-cho-nguoi-gia-yeu-thiet-ke-co-ong-noi-dai-nap-ay-1736541656263328826","200","https://demo-web-client.shop/products/bo-bo-i-tieu-va-ai-tien-a-nang-cho-nguoi-gia-yeu-thiet-ke-co-ong-noi-dai-nap-ay-1736541656263328826","false","","","https://demo-web-client.shop/products/bo-bo-i-tieu-va-ai-tien-a-nang-cho-nguoi-gia-yeu-thiet-ke-co-ong-noi-dai-nap-ay-1736541656263328826","true","Bộ bô đi tiểu và đại tiện đa năng cho người già yếu | TOÀN TÂM","62","Bộ bô đa năng với ống nối dài, nắp đậy kín, hỗ trợ vệ sinh tại giường cho người khó đi lại. Xem hình ảnh, giá và nhận tư vấn từ Toàn Tâm Medical.","145","1","Bộ bô đi tiểu và đại tiện đa năng cho người già yếu, thiết kế có ống nối dài, nắp đậy kín, an toàn vệ sinh, tiện lợi cho người bệnh và người chăm sóc","2","10","468","22","0","0","200","Bộ bô đi tiểu và đại tiện đa năng cho người già yếu","Bộ bô đa năng với ống nối dài, nắp đậy kín, hỗ trợ vệ sinh tại giường cho người khó đi lại. Xem hình ảnh, giá và nhận tư vấn từ Toàn Tâm Medical.","https://cdn.shopify.com/s/files/1/0732/3703/7299/files/9642ea4be5274aa5852f84e708104949_tplv-aphluv4xwc-crop-webp_1254_1254.webp?v=1790131125","200","true","Product | BreadcrumbList","true","false","false","23","2",""
"sitemap","collection","https://demo-web-client.shop/collections/dồ-nội-thất","200","https://demo-web-client.shop/collections/d%E1%BB%93-n%E1%BB%99i-th%E1%BA%A5t","false","","","https://demo-web-client.shop/collections/d%E1%BB%93-n%E1%BB%99i-th%E1%BA%A5t","true","Đồ nội thất | TOÀN TÂM","22","Khám phá các sản phẩm nội thất cho không gian nghỉ ngơi và chăm sóc. So sánh kích thước, mức điều chỉnh và thông tin sản phẩm.","126","1","Đồ nội thất","1","5","209","5","0","0","200","Đồ nội thất","Khám phá các sản phẩm nội thất cho không gian nghỉ ngơi và chăm sóc. So sánh kích thước, mức điều chỉnh và thông tin sản phẩm.","https://demo-web-client.shop/assets/logo-toan-tam.png","200","true","BreadcrumbList","false","false","false","11","2",""
"sitemap","collection","https://demo-web-client.shop/collections/thể-thao-ngoai-trời","200","https://demo-web-client.shop/collections/th%E1%BB%83-thao-ngoai-tr%E1%BB%9Di","false","","","https://demo-web-client.shop/collections/th%E1%BB%83-thao-ngoai-tr%E1%BB%9Di","true","Thể thao & Ngoài trời | TOÀN TÂM","32","Khám phá các sản phẩm hỗ trợ tập luyện, vận động và chăm sóc sức khỏe khi sinh hoạt ngoài trời. So sánh thiết kế, kích thước và mức giá trước khi lựa chọn.","155","1","Thể thao & Ngoài trời","1","12","408","12","0","0","200","Thể thao & Ngoài trời","Khám phá các sản phẩm hỗ trợ tập luyện, vận động và chăm sóc sức khỏe khi sinh hoạt ngoài trời. So sánh thiết kế, kích thước và mức giá trước khi lựa chọn.","https://demo-web-client.shop/assets/logo-toan-tam.png","200","true","BreadcrumbList","false","false","false","26","5",""
"sitemap","collection","https://demo-web-client.shop/collections/thai-phụ-thai-nhi","200","https://demo-web-client.shop/collections/thai-ph%E1%BB%A5-thai-nhi","false","","","https://demo-web-client.shop/collections/thai-ph%E1%BB%A5-thai-nhi","true","Thai phụ & thai nhi | TOÀN TÂM","30","Xem các sản phẩm phục vụ sinh hoạt của thai phụ và gia đình có trẻ nhỏ, cùng thông tin kích thước, vật liệu và cách sử dụng.","124","1","Thai phụ & thai nhi","1","2","138","2","0","0","200","Thai phụ & thai nhi","Xem các sản phẩm phục vụ sinh hoạt của thai phụ và gia đình có trẻ nhỏ, cùng thông tin kích thước, vật liệu và cách sử dụng.","https://demo-web-client.shop/assets/logo-toan-tam.png","200","true","BreadcrumbList","false","false","false","5","2",""
"sitemap","collection","https://demo-web-client.shop/collections/cham-soc-sắc-dẹp-cham-soc-ca-nhan","200","https://demo-web-client.shop/collections/cham-soc-s%E1%BA%AFc-d%E1%BA%B9p-cham-soc-ca-nhan","false","","","https://demo-web-client.shop/collections/cham-soc-s%E1%BA%AFc-d%E1%BA%B9p-cham-soc-ca-nhan","true","Chăm sóc sắc đẹp & Chăm sóc cá nhân | TOÀN TÂM","46","Khám phá đồ dùng chăm sóc cá nhân tại Toàn Tâm. Xem hình ảnh, thông tin sử dụng, giá và tình trạng hàng của từng sản phẩm.","122","1","Chăm sóc sắc đẹp & Chăm sóc cá nhân","1","2","161","2","0","0","200","Chăm sóc sắc đẹp & Chăm sóc cá nhân","Khám phá đồ dùng chăm sóc cá nhân tại Toàn Tâm. Xem hình ảnh, thông tin sử dụng, giá và tình trạng hàng của từng sản phẩm.","https://demo-web-client.shop/assets/logo-toan-tam.png","200","true","BreadcrumbList","false","false","false","5","2",""
"sitemap","collection","https://demo-web-client.shop/collections/hang-dệt-dồ-nội-thất-mềm","200","https://demo-web-client.shop/collections/hang-d%E1%BB%87t-d%E1%BB%93-n%E1%BB%99i-th%E1%BA%A5t-m%E1%BB%81m","false","","","https://demo-web-client.shop/collections/hang-d%E1%BB%87t-d%E1%BB%93-n%E1%BB%99i-th%E1%BA%A5t-m%E1%BB%81m","true","Hàng dệt & đồ nội thất mềm | TOÀN TÂM","37","Danh mục gối, đệm và đồ dùng mềm cho sinh hoạt và chăm sóc. Xem đặc điểm, kích thước và vật liệu trước khi lựa chọn.","116","1","Hàng dệt & đồ nội thất mềm","1","5","222","5","0","0","200","Hàng dệt & đồ nội thất mềm","Danh mục gối, đệm và đồ dùng mềm cho sinh hoạt và chăm sóc. Xem đặc điểm, kích thước và vật liệu trước khi lựa chọn.","https://demo-web-client.shop/assets/logo-toan-tam.png","200","true","BreadcrumbList","false","false","false","11","2",""
"sitemap","collection","https://demo-web-client.shop/collections/dồ-dung-nha-bếp","200","https://demo-web-client.shop/collections/d%E1%BB%93-dung-nha-b%E1%BA%BFp","false","","","https://demo-web-client.shop/collections/d%E1%BB%93-dung-nha-b%E1%BA%BFp","true","Đồ dùng nhà bếp | TOÀN TÂM","26","Khám phá đồ dùng hỗ trợ ăn uống và sinh hoạt trong nhà bếp. Xem đặc điểm, hình ảnh và giá sản phẩm tại Toàn Tâm.","112","1","Đồ dùng nhà bếp","1","1","126","1","0","0","200","Đồ dùng nhà bếp","Khám phá đồ dùng hỗ trợ ăn uống và sinh hoạt trong nhà bếp. Xem đặc điểm, hình ảnh và giá sản phẩm tại Toàn Tâm.","https://demo-web-client.shop/assets/logo-toan-tam.png","200","true","BreadcrumbList","false","false","false","3","2",""
"sitemap","collection","https://demo-web-client.shop/collections/dồ-gia-dụng","200","https://demo-web-client.shop/collections/d%E1%BB%93-gia-d%E1%BB%A5ng","false","","","https://demo-web-client.shop/collections/d%E1%BB%93-gia-d%E1%BB%A5ng","true","Đồ gia dụng | TOÀN TÂM","22","Danh mục đồ gia dụng phục vụ chăm sóc tại nhà và sinh hoạt thuận tiện hơn. Xem kích thước, vật liệu và cách sử dụng của từng sản phẩm.","134","1","Đồ gia dụng","1","10","408","10","0","0","200","Đồ gia dụng","Danh mục đồ gia dụng phục vụ chăm sóc tại nhà và sinh hoạt thuận tiện hơn. Xem kích thước, vật liệu và cách sử dụng của từng sản phẩm.","https://demo-web-client.shop/assets/logo-toan-tam.png","200","true","BreadcrumbList","false","false","false","21","2",""
"sitemap","article","https://demo-web-client.shop/blogs/news/7-dụng-cụ-hỗ-trợ-phục-hồi-chức-nang-co-thể-sử-dụng-tại-nha","200","https://demo-web-client.shop/blogs/news/7-d%E1%BB%A5ng-c%E1%BB%A5-h%E1%BB%97-tr%E1%BB%A3-ph%E1%BB%A5c-h%E1%BB%93i-ch%E1%BB%A9c-nang-co-th%E1%BB%83-s%E1%BB%AD-d%E1%BB%A5ng-t%E1%BA%A1i-nha","false","","","https://demo-web-client.shop/blogs/news/7-d%E1%BB%A5ng-c%E1%BB%A5-h%E1%BB%97-tr%E1%BB%A3-ph%E1%BB%A5c-h%E1%BB%93i-ch%E1%BB%A9c-nang-co-th%E1%BB%83-s%E1%BB%AD-d%E1%BB%A5ng-t%E1%BA%A1i-nha","true","7 dụng cụ hỗ trợ phục hồi chức năng có thể sử dụng tại nhà | TOÀN TÂM","69","Tổng hợp 7 nhóm dụng cụ hỗ trợ phục hồi chức năng tại nhà và lưu ý khi lựa chọn theo hướng dẫn chuyên môn.","106","1","7 dụng cụ hỗ trợ phục hồi chức năng có thể sử dụng tại nhà","10","0","444","1","0","0","200","7 dụng cụ hỗ trợ phục hồi chức năng có thể sử dụng tại nhà","Tổng hợp 7 nhóm dụng cụ hỗ trợ phục hồi chức năng tại nhà và lưu ý khi lựa chọn theo hướng dẫn chuyên môn.","https://cdn.shopify.com/s/files/1/0732/3703/7299/articles/ChatGPT_Image_Sep_5_2026_11_29_29_AM.png?v=1788582591","200","true","BlogPosting | BreadcrumbList","false","false","false","4","2",""
"sitemap","article","https://demo-web-client.shop/blogs/news/nẹp-cổ-chan-nẹp-ban-chan-khi-nao-nen-sử-dụng","200","https://demo-web-client.shop/blogs/news/n%E1%BA%B9p-c%E1%BB%95-chan-n%E1%BA%B9p-ban-chan-khi-nao-nen-s%E1%BB%AD-d%E1%BB%A5ng","false","","","https://demo-web-client.shop/blogs/news/n%E1%BA%B9p-c%E1%BB%95-chan-n%E1%BA%B9p-ban-chan-khi-nao-nen-s%E1%BB%AD-d%E1%BB%A5ng","true","Nẹp cổ chân, nẹp bàn chân: Khi nào nên sử dụng? | TOÀN TÂM","58","Tìm hiểu nẹp cổ chân và nẹp bàn chân hỗ trợ gì, khi nào cần hỏi nhân viên y tế và những điểm cần kiểm tra khi chọn nẹp.","119","1","Nẹp cổ chân, nẹp bàn chân: Khi nào nên sử dụng?","5","0","384","1","0","0","200","Nẹp cổ chân, nẹp bàn chân: Khi nào nên sử dụng?","Tìm hiểu nẹp cổ chân và nẹp bàn chân hỗ trợ gì, khi nào cần hỏi nhân viên y tế và những điểm cần kiểm tra khi chọn nẹp.","https://cdn.shopify.com/s/files/1/0732/3703/7299/articles/ChatGPT_Image_Sep_5_2026_11_28_21_AM.png?v=1788582529","200","true","BlogPosting | BreadcrumbList","false","false","false","4","2",""
"sitemap","article","https://demo-web-client.shop/blogs/news/người-bệnh-nằm-lau-tại-nha-cần-chuẩn-bị-những-gi","200","https://demo-web-client.shop/blogs/news/ng%C6%B0%E1%BB%9Di-b%E1%BB%87nh-n%E1%BA%B1m-lau-t%E1%BA%A1i-nha-c%E1%BA%A7n-chu%E1%BA%A9n-b%E1%BB%8B-nh%E1%BB%AFng-gi","false","","","https://demo-web-client.shop/blogs/news/ng%C6%B0%E1%BB%9Di-b%E1%BB%87nh-n%E1%BA%B1m-lau-t%E1%BA%A1i-nha-c%E1%BA%A7n-chu%E1%BA%A9n-b%E1%BB%8B-nh%E1%BB%AFng-gi","true","Người bệnh nằm lâu tại nhà cần chuẩn bị những gì? | TOÀN TÂM","60","Gợi ý chuẩn bị khu vực nghỉ ngơi, đồ dùng vệ sinh và dụng cụ hỗ trợ vận động khi chăm sóc người bệnh nằm lâu tại nhà.","117","1","Người bệnh nằm lâu tại nhà cần chuẩn bị những gì?","6","0","363","1","0","0","200","Người bệnh nằm lâu tại nhà cần chuẩn bị những gì?","Gợi ý chuẩn bị khu vực nghỉ ngơi, đồ dùng vệ sinh và dụng cụ hỗ trợ vận động khi chăm sóc người bệnh nằm lâu tại nhà.","https://cdn.shopify.com/s/files/1/0732/3703/7299/articles/ChatGPT_Image_Sep_5_2026_11_26_12_AM.png?v=1788582393","200","true","BlogPosting | BreadcrumbList","false","false","false","4","2",""
"sitemap","article","https://demo-web-client.shop/blogs/news/hướng-dẫn-lựa-chọn-dụng-cụ-phục-hồi-chức-nang-tại-nha","200","https://demo-web-client.shop/blogs/news/h%C6%B0%E1%BB%9Bng-d%E1%BA%ABn-l%E1%BB%B1a-ch%E1%BB%8Dn-d%E1%BB%A5ng-c%E1%BB%A5-ph%E1%BB%A5c-h%E1%BB%93i-ch%E1%BB%A9c-nang-t%E1%BA%A1i-nha","false","","","https://demo-web-client.shop/blogs/news/h%C6%B0%E1%BB%9Bng-d%E1%BA%ABn-l%E1%BB%B1a-ch%E1%BB%8Dn-d%E1%BB%A5ng-c%E1%BB%A5-ph%E1%BB%A5c-h%E1%BB%93i-ch%E1%BB%A9c-nang-t%E1%BA%A1i-nha","true","Hướng dẫn lựa chọn dụng cụ phục hồi chức năng tại nhà | TOÀN TÂM","64","Các tiêu chí chọn dụng cụ hỗ trợ phục hồi chức năng tại nhà theo vùng cơ thể, khả năng vận động và hướng dẫn sử dụng.","117","1","Hướng dẫn lựa chọn dụng cụ phục hồi chức năng tại nhà","6","0","377","1","0","0","200","Hướng dẫn lựa chọn dụng cụ phục hồi chức năng tại nhà","Các tiêu chí chọn dụng cụ hỗ trợ phục hồi chức năng tại nhà theo vùng cơ thể, khả năng vận động và hướng dẫn sử dụng.","https://cdn.shopify.com/s/files/1/0732/3703/7299/articles/ChatGPT_Image_Sep_5_2026_11_25_12_AM.png?v=1788582340","200","true","BlogPosting | BreadcrumbList","false","false","false","4","2",""
"sitemap","article","https://demo-web-client.shop/blogs/news/người-lớn-tuổi-nen-chuẩn-bị-những-thiết-bị-cham-soc-sức-khỏe-nao-tại-nha","200","https://demo-web-client.shop/blogs/news/ng%C6%B0%E1%BB%9Di-l%E1%BB%9Bn-tu%E1%BB%95i-nen-chu%E1%BA%A9n-b%E1%BB%8B-nh%E1%BB%AFng-thi%E1%BA%BFt-b%E1%BB%8B-cham-soc-s%E1%BB%A9c-kh%E1%BB%8Fe-nao-t%E1%BA%A1i-nha","false","","","https://demo-web-client.shop/blogs/news/ng%C6%B0%E1%BB%9Di-l%E1%BB%9Bn-tu%E1%BB%95i-nen-chu%E1%BA%A9n-b%E1%BB%8B-nh%E1%BB%AFng-thi%E1%BA%BFt-b%E1%BB%8B-cham-soc-s%E1%BB%A9c-kh%E1%BB%8Fe-nao-t%E1%BA%A1i-nha","true","Người lớn tuổi nên chuẩn bị những thiết bị chăm sóc sức khỏe nào tại nhà? | TOÀN TÂM","84","Các nhóm thiết bị hỗ trợ vận động, chăm sóc cá nhân và sinh hoạt tại nhà cho người lớn tuổi; lưu ý lựa chọn theo thể trạng.","123","1","Người lớn tuổi nên chuẩn bị những thiết bị chăm sóc sức khỏe nào tại nhà?","6","0","509","1","0","0","200","Người lớn tuổi nên chuẩn bị những thiết bị chăm sóc sức khỏe nào tại nhà?","Các nhóm thiết bị hỗ trợ vận động, chăm sóc cá nhân và sinh hoạt tại nhà cho người lớn tuổi; lưu ý lựa chọn theo thể trạng.","https://cdn.shopify.com/s/files/1/0732/3703/7299/articles/3baf2b54-f820-4170-bb8d-dde5a347bd37.png?v=1788582236","200","true","BlogPosting | BreadcrumbList","false","false","false","4","2",""
"variant","static","https://demo-web-client.shop/products?page=2","200","https://demo-web-client.shop/products?page=2","false","","","https://demo-web-client.shop/products?page=2","true","Tất cả sản phẩm - Trang 2 | TOÀN TÂM","36","Tìm kiếm, lọc và so sánh thiết bị chăm sóc sức khỏe cho gia đình, phòng khám và bệnh viện tại Toàn Tâm Medical.","111","1","Tất cả sản phẩm","1","12","440","12","0","0","200","Tất cả sản phẩm","Tìm kiếm, lọc và so sánh thiết bị chăm sóc sức khỏe cho gia đình, phòng khám và bệnh viện tại Toàn Tâm Medical.","https://demo-web-client.shop/assets/logo-toan-tam.png","200","true","","false","false","false","28","47",""
"variant","static","https://demo-web-client.shop/products?page=3","200","https://demo-web-client.shop/products?page=3","false","","","https://demo-web-client.shop/products?page=3","true","Tất cả sản phẩm - Trang 3 | TOÀN TÂM","36","Tìm kiếm, lọc và so sánh thiết bị chăm sóc sức khỏe cho gia đình, phòng khám và bệnh viện tại Toàn Tâm Medical.","111","1","Tất cả sản phẩm","1","12","412","12","0","0","200","Tất cả sản phẩm","Tìm kiếm, lọc và so sánh thiết bị chăm sóc sức khỏe cho gia đình, phòng khám và bệnh viện tại Toàn Tâm Medical.","https://demo-web-client.shop/assets/logo-toan-tam.png","200","true","","false","false","false","28","47",""
"variant","static","https://demo-web-client.shop/products?page=4","200","https://demo-web-client.shop/products?page=4","false","","","https://demo-web-client.shop/products?page=4","true","Tất cả sản phẩm - Trang 4 | TOÀN TÂM","36","Tìm kiếm, lọc và so sánh thiết bị chăm sóc sức khỏe cho gia đình, phòng khám và bệnh viện tại Toàn Tâm Medical.","111","1","Tất cả sản phẩm","1","4","217","4","0","0","200","Tất cả sản phẩm","Tìm kiếm, lọc và so sánh thiết bị chăm sóc sức khỏe cho gia đình, phòng khám và bệnh viện tại Toàn Tâm Medical.","https://demo-web-client.shop/assets/logo-toan-tam.png","200","true","","false","false","false","12","47",""
"variant","static","https://demo-web-client.shop/products?page=999","404","https://demo-web-client.shop/products?page=999","true","noindex","","https://demo-web-client.shop","false","TOÀN TÂM | Thiết bị y tế chính hãng","35","Thiết bị y tế chính hãng cho bệnh viện, phòng khám và gia đình.","63","0","","0","0","0","0","0","0","","Toàn Tâm Medical","Thiết bị y tế chính hãng cho bệnh viện, phòng khám và gia đình.","https://demo-web-client.shop/assets/logo-toan-tam.png","200","true","","false","false","false","0","48","pagination canonical points elsewhere"
"variant","static","https://demo-web-client.shop/products?sort=price-asc","200","https://demo-web-client.shop/products?sort=price-asc","false","noindex, follow","","https://demo-web-client.shop/products","false","Tất cả sản phẩm | TOÀN TÂM","26","Tìm kiếm, lọc và so sánh thiết bị chăm sóc sức khỏe cho gia đình, phòng khám và bệnh viện tại Toàn Tâm Medical.","111","1","Tất cả sản phẩm","1","12","404","12","0","0","200","Tất cả sản phẩm","Tìm kiếm, lọc và so sánh thiết bị chăm sóc sức khỏe cho gia đình, phòng khám và bệnh viện tại Toàn Tâm Medical.","https://demo-web-client.shop/assets/logo-toan-tam.png","200","true","","false","false","false","28","47",""
"variant","static","https://demo-web-client.shop/products?availability=available","200","https://demo-web-client.shop/products?availability=available","false","noindex, follow","","https://demo-web-client.shop/products","false","Tất cả sản phẩm | TOÀN TÂM","26","Tìm kiếm, lọc và so sánh thiết bị chăm sóc sức khỏe cho gia đình, phòng khám và bệnh viện tại Toàn Tâm Medical.","111","1","Tất cả sản phẩm","1","12","405","12","0","0","200","Tất cả sản phẩm","Tìm kiếm, lọc và so sánh thiết bị chăm sóc sức khỏe cho gia đình, phòng khám và bệnh viện tại Toàn Tâm Medical.","https://demo-web-client.shop/assets/logo-toan-tam.png","200","true","","false","false","false","29","47",""
"variant","static","https://demo-web-client.shop/products?q=nep","200","https://demo-web-client.shop/products?q=nep","false","noindex, follow","","https://demo-web-client.shop/products","false","Tất cả sản phẩm | TOÀN TÂM","26","Tìm kiếm, lọc và so sánh thiết bị chăm sóc sức khỏe cho gia đình, phòng khám và bệnh viện tại Toàn Tâm Medical.","111","1","Tất cả sản phẩm","1","1","120","1","0","0","200","Tất cả sản phẩm","Tìm kiếm, lọc và so sánh thiết bị chăm sóc sức khỏe cho gia đình, phòng khám và bệnh viện tại Toàn Tâm Medical.","https://demo-web-client.shop/assets/logo-toan-tam.png","200","true","","false","false","false","4","47",""
"variant","static","https://demo-web-client.shop/search?q=may","200","https://demo-web-client.shop/search?q=may","false","noindex, follow","","https://demo-web-client.shop/search","false","Tìm kiếm sản phẩm | TOÀN TÂM","28","Tìm sản phẩm thiết bị y tế phù hợp tại Toàn Tâm Medical.","56","1","Kết quả cho “may”","1","0","33","0","0","0","","Toàn Tâm Medical","Thiết bị y tế chính hãng cho bệnh viện, phòng khám và gia đình.","https://demo-web-client.shop/assets/logo-toan-tam.png","200","true","","false","false","false","0","0",""
"variant","static","https://demo-web-client.shop/search?q=seo-audit-khong-co-ket-qua","200","https://demo-web-client.shop/search?q=seo-audit-khong-co-ket-qua","false","noindex, follow","","https://demo-web-client.shop/search","false","Tìm kiếm sản phẩm | TOÀN TÂM","28","Tìm sản phẩm thiết bị y tế phù hợp tại Toàn Tâm Medical.","56","1","Kết quả cho “seo-audit-khong-co-ket-qua”","1","0","33","0","0","0","","Toàn Tâm Medical","Thiết bị y tế chính hãng cho bệnh viện, phòng khám và gia đình.","https://demo-web-client.shop/assets/logo-toan-tam.png","200","true","","false","false","false","0","0",""
"variant","static","https://demo-web-client.shop/request-quote?product=nep-co-inh-ban-chan-ban-em-nep-chinh-ban-chan-giam-au-got-chan-1736539331283944506","200","https://demo-web-client.shop/request-quote?product=nep-co-inh-ban-chan-ban-em-nep-chinh-ban-chan-giam-au-got-chan-1736539331283944506","false","","","https://demo-web-client.shop/request-quote","false","Yêu cầu báo giá | TOÀN TÂM","26","Gửi nhu cầu thiết bị y tế và nhận tư vấn, báo giá phù hợp từ Toàn Tâm Medical.","78","1","Yêu cầu báo giá","0","0","84","0","0","0","","Yêu cầu báo giá","Gửi nhu cầu thiết bị y tế và nhận tư vấn, báo giá phù hợp từ Toàn Tâm Medical.","https://demo-web-client.shop/assets/logo-toan-tam.png","200","true","","false","false","false","1","58",""
"variant","product","https://demo-web-client.shop/products/seo-audit-khong-ton-tai","404","https://demo-web-client.shop/products/seo-audit-khong-ton-tai","true","noindex","","https://demo-web-client.shop","false","TOÀN TÂM | Thiết bị y tế chính hãng","35","Thiết bị y tế chính hãng cho bệnh viện, phòng khám và gia đình.","63","0","","0","0","0","0","0","0","","Toàn Tâm Medical","Thiết bị y tế chính hãng cho bệnh viện, phòng khám và gia đình.","https://demo-web-client.shop/assets/logo-toan-tam.png","200","true","","false","false","false","0","0","Product snippet required property absent"
"variant","collection","https://demo-web-client.shop/collections/seo-audit-khong-ton-tai","404","https://demo-web-client.shop/collections/seo-audit-khong-ton-tai","true","noindex","","https://demo-web-client.shop","false","TOÀN TÂM | Thiết bị y tế chính hãng","35","Thiết bị y tế chính hãng cho bệnh viện, phòng khám và gia đình.","63","0","","0","0","0","0","0","0","","Toàn Tâm Medical","Thiết bị y tế chính hãng cho bệnh viện, phòng khám và gia đình.","https://demo-web-client.shop/assets/logo-toan-tam.png","200","true","","false","false","false","0","0",""
"variant","article","https://demo-web-client.shop/blogs/news/seo-audit-khong-ton-tai","404","https://demo-web-client.shop/blogs/news/seo-audit-khong-ton-tai","true","noindex","","https://demo-web-client.shop","false","TOÀN TÂM | Thiết bị y tế chính hãng","35","Thiết bị y tế chính hãng cho bệnh viện, phòng khám và gia đình.","63","0","","0","0","0","0","0","0","","Toàn Tâm Medical","Thiết bị y tế chính hãng cho bệnh viện, phòng khám và gia đình.","https://demo-web-client.shop/assets/logo-toan-tam.png","200","true","","false","false","false","0","0","Article JSON-LD absent"
"variant","static","https://demo-web-client.shop/seo-audit-khong-ton-tai","404","https://demo-web-client.shop/seo-audit-khong-ton-tai","false","noindex","","https://demo-web-client.shop","false","TOÀN TÂM | Thiết bị y tế chính hãng","35","Thiết bị y tế chính hãng cho bệnh viện, phòng khám và gia đình.","63","1","Không tìm thấy trang","0","0","24","0","0","0","","Toàn Tâm Medical","Thiết bị y tế chính hãng cho bệnh viện, phòng khám và gia đình.","https://demo-web-client.shop/assets/logo-toan-tam.png","200","true","","false","false","false","1","0",""
"variant","collection","https://demo-web-client.shop/collections/thể-thao-ngoai-trời?page=2","200","https://demo-web-client.shop/collections/th%E1%BB%83-thao-ngoai-tr%E1%BB%9Di?page=2","false","","","https://demo-web-client.shop/collections/th%E1%BB%83-thao-ngoai-tr%E1%BB%9Di?page=2","true","Thể thao & Ngoài trời - Trang 2 | TOÀN TÂM","42","Khám phá các sản phẩm hỗ trợ tập luyện, vận động và chăm sóc sức khỏe khi sinh hoạt ngoài trời. So sánh thiết kế, kích thước và mức giá trước khi lựa chọn.","155","1","Thể thao & Ngoài trời","1","3","161","3","0","0","200","Thể thao & Ngoài trời","Khám phá các sản phẩm hỗ trợ tập luyện, vận động và chăm sóc sức khỏe khi sinh hoạt ngoài trời. So sánh thiết kế, kích thước và mức giá trước khi lựa chọn.","https://demo-web-client.shop/assets/logo-toan-tam.png","200","true","BreadcrumbList","false","false","false","8","5",""
"variant","collection","https://demo-web-client.shop/collections/thể-thao-ngoai-trời?availability=available","200","https://demo-web-client.shop/collections/th%E1%BB%83-thao-ngoai-tr%E1%BB%9Di?availability=available","false","noindex, follow","","https://demo-web-client.shop/collections/th%E1%BB%83-thao-ngoai-tr%E1%BB%9Di","false","Thể thao & Ngoài trời | TOÀN TÂM","32","Khám phá các sản phẩm hỗ trợ tập luyện, vận động và chăm sóc sức khỏe khi sinh hoạt ngoài trời. So sánh thiết kế, kích thước và mức giá trước khi lựa chọn.","155","1","Thể thao & Ngoài trời","1","12","411","12","0","0","200","Thể thao & Ngoài trời","Khám phá các sản phẩm hỗ trợ tập luyện, vận động và chăm sóc sức khỏe khi sinh hoạt ngoài trời. So sánh thiết kế, kích thước và mức giá trước khi lựa chọn.","https://demo-web-client.shop/assets/logo-toan-tam.png","200","true","BreadcrumbList","false","false","false","27","5",""
"variant","collection","https://demo-web-client.shop/collections/thể-thao-ngoai-trời?sort=price-asc","200","https://demo-web-client.shop/collections/th%E1%BB%83-thao-ngoai-tr%E1%BB%9Di?sort=price-asc","false","noindex, follow","","https://demo-web-client.shop/collections/th%E1%BB%83-thao-ngoai-tr%E1%BB%9Di","false","Thể thao & Ngoài trời | TOÀN TÂM","32","Khám phá các sản phẩm hỗ trợ tập luyện, vận động và chăm sóc sức khỏe khi sinh hoạt ngoài trời. So sánh thiết kế, kích thước và mức giá trước khi lựa chọn.","155","1","Thể thao & Ngoài trời","1","12","397","12","0","0","200","Thể thao & Ngoài trời","Khám phá các sản phẩm hỗ trợ tập luyện, vận động và chăm sóc sức khỏe khi sinh hoạt ngoài trời. So sánh thiết kế, kích thước và mức giá trước khi lựa chọn.","https://demo-web-client.shop/assets/logo-toan-tam.png","200","true","BreadcrumbList","false","false","false","26","5",""
